ID,Date,Sex,Shell,Weight,Length,Width,MaxWid,R_ChLen,R_ChH,AbWid,L_ChLen,L_ChH,R_ClawWt,L_ClawWt
16.0001,12/22/2015,1,2,177,62.62,99.98,103.52,53.85,29.85,,,,,
16.0002,12/22/2015,2,2,144,61.7,95.45,98.94,44.47,,24.91,,,,
16.0003,12/22/2015,1,3,175,62.62,100.66,103.88,51.59,29.02,,,,,
16.0004,12/22/2015,1,3,,66.41,105.71,109.54,56.17,31.99,,,,,
16.0005,12/22/2015,2,4,158,65,101.93,105.39,43.72,,27.18,,,,
16.0006,12/22/2015,2,2,76,49.79,78.77,80.35,34.67,,18.19,,,,
16.0007,12/22/2015,2,3,144,62.1,94.64,98.24,41.59,,25.01,,,,
16.0008,12/22/2015,1,2,177,61.57,99.94,103.79,54.27,30.04,,,,,
16.0009,12/22/2015,2,4,177,66.77,102.88,104.14,46.58,,27.15,,,,
16.001,12/22/2015,2,3,145,61.4,96.45,98.21,44.04,,25.3,,,,
16.0011,12/22/2015,1,3,161,59.62,96.83,100.48,52.55,29.18,,,,,
16.0012,12/22/2015,1,3,175,65.16,103.3,108.16,56.51,31.46,,,,,
16.0013,12/22/2015,1,3,171,64.11,100.5,103.29,54.73,31.27,,,,,
16.0014,12/22/2015,1,2,137,64.02,100.84,104.41,49.94,25.22,,,,,
16.0015,12/22/2015,2,3,112,57.09,87.18,89.63,38,,21.54,,,,
16.0016,12/22/2015,2,3,163,62.93,96.78,100.77,44.15,,24.51,,,,
16.0017,12/22/2015,2,2,143,61.92,94.67,97.05,43.38,,25.32,,,,
16.0018,2/6/2016,2,3,140,61.24,95.14,97.53,44.6,,23.2,,,,
16.0019,2/6/2016,2,2,153,63.94,97.8,99.87,43.77,,25.89,,,,
16.002,2/6/2016,1,3,206,65.38,104.81,108.69,56.12,31.53,,,,,
16.0021,2/6/2016,2,2,47,41.25,65.74,66.61,28.92,,13.97,,,,
16.0022,2/6/2016,2,3,275,76.37,119.31,122.3,50.32,,32.18,,,,
16.0023,2/6/2016,1,2,320,76.06,123.37,127.71,59.31,33.49,,,,,
16.0024,2/6/2016,2,3,173,63.83,101.04,103.31,43.71,,27.28,,,,
16.0025,2/6/2016,1,3,116,56.79,88.81,94.07,41.95,22.51,,,,,
16.0026,2/6/2016,1,2,90,52,82.36,84.57,38.43,20.18,,,,,
16.0027,2/6/2016,1,4,298,72.13,115.09,118.97,60.14,33.15,,,,,
16.0028,2/6/2016,1,3,243,68.6,113.11,117.53,58.77,33.53,,,,,
16.0029,2/6/2016,2,2,137,62.82,98.08,100.72,47.16,,27.04,,,,
16.003,2/6/2016,2,4,149,64.16,98.81,99.96,44.29,,26.01,,,,
16.0031,2/6/2016,1,4,273,70.49,112.65,117.16,61.88,35.67,,,,,
16.0032,2/6/2016,1,3,184,62.13,103.11,105.28,56.09,32.33,,,,,
16.0033,2/6/2016,2,3,116,59.41,88.86,90.56,40.49,,23.49,,,,
16.0034,2/6/2016,2,2,141,64.7,99.97,102.74,47.47,,27.35,,,,
16.0035,2/6/2016,2,3,133,61.35,95.34,97.18,42.26,,25.23,,,,
16.0036,2/6/2016,2,2,154,64.62,98.05,100.14,43.84,,24.97,,,,
16.0037,2/6/2016,2,3,157,64.3,101.16,102.8,45.59,,25.98,,,,
16.0038,2/6/2016,1,2,85,50.24,81.1,83.25,38.94,20.64,,,,,
16.0039,2/6/2016,2,4,147,62.43,96.82,99.32,42.17,,25.12,,,,
16.004,2/6/2016,2,4,124,58.05,90.17,92.3,38.49,,23.25,,,,
16.0041,2/6/2016,2,4,143,60.9,94.85,97.8,43.21,,24.49,,,,
16.0042,2/6/2016,1,2,194,63.85,101.32,105.38,54.96,31.45,,,,,
16.0043,2/6/2016,2,4,157,63.34,99.72,102.2,41.9,,26.99,,,,
16.0044,2/6/2016,1,2,95,50.8,82.15,85.05,39.59,22.22,,,,,
16.0045,2/6/2016,1,3,200,67.26,108.33,114.19,55.98,29.5,,,,,
16.0046,2/6/2016,1,4,215,68.48,108.56,112.67,37.27,18.4,,,,,
16.0047,2/6/2016,1,3,224,66.55,106.59,112.58,58.21,33.6,,,,,
16.0048,2/6/2016,2,3,157,64.86,100.44,104.53,46.29,,27.27,,,,
16.0049,2/6/2016,2,4,90,53.23,82.26,83.65,34.3,,20.45,,,,
16.005,2/7/2016,1,2,93,51.1,82.17,84.65,40.36,21.77,,,,,
16.0051,2/7/2016,1,3,203,65.03,105.47,108.54,56.28,29.69,,,,,
16.0052,2/7/2016,2,3,158,64.18,98.48,101.09,43.03,,25.44,,,,
16.0053,2/7/2016,1,2,84,50.67,80.86,83.32,38.48,20.67,,,,,
16.0054,2/7/2016,2,3,189,66.21,102.43,103.59,46.07,,29.03,,,,
16.0055,2/7/2016,2,3,168,64.32,99.5,101.56,45.34,,28.19,,,,
16.0056,2/7/2016,1,4,146,62.09,99.32,101.59,52.15,27.45,,,,,
16.0057,2/7/2016,1,3,230,67.55,107.42,110.99,59.22,33.34,,,,,
16.0058,2/7/2016,2,2,142,61.94,96.63,99.16,43.21,,25.55,,,,
16.0059,2/7/2016,2,3,150,64.64,97.17,100.35,46.09,,28.37,,,,
16.006,2/7/2016,1,3,329,76.2,124.59,127.78,67.46,37.08,,,,,
16.0061,2/7/2016,2,4,172,66.12,101.23,103.7,44.46,,28.79,,,,
16.0062,2/7/2016,1,4,171,61.8,96.59,99.9,52.76,29.79,,,,,
16.0063,2/7/2016,2,4,173,70324,107.23,110.66,48.6,,29.13,,,,
16.0064,2/7/2016,2,3,130,63.22,95.23,97.96,23.34,,26.04,,,,
16.0065,2/7/2016,1,4,242,67.48,110.04,114.9,62.33,35.61,,,,,
16.0066,2/7/2016,2,3,202,69.73,106.43,109.91,49.04,,28.25,,,,
16.0067,2/7/2016,2,3,153,63.53,98.57,101.14,43.44,,27.84,,,,
16.0068,2/7/2016,1,4,249,69.94,111.08,115.91,63.23,34.97,,,,,
16.0069,2/7/2016,2,4,149,61.79,97.98,99.66,44.41,,25.81,,,,
16.007,2/7/2016,1,3,283,72.62,116.44,120.16,62.18,35.41,,,,,
16.0071,2/7/2016,2,3,165,65.2,101.41,103.92,46.83,,27.02,,,,
16.0072,2/7/2016,2,3,154,62.36,95.85,97.62,44.58,,25.88,,,,
16.0073,2/7/2016,2,4,201,68.97,106.75,109.82,47.3,,30.68,,,,
16.0074,2/7/2016,2,4,109,60.28,94.31,96.34,38.79,,24.28,,,,
16.0075,2/7/2016,1,3,201,69.11,108,112.29,59.58,34.76,,,,,
16.0076,2/7/2016,2,3,133,59.94,90.9,93.27,42.25,,25.9,,,,
16.0077,2/7/2016,2,3,190,68.27,105.61,107.47,48.09,,27.52,,,,
16.0078,2/7/2016,2,3,186,68.22,104.56,108.5,50.16,,26.77,,,,
16.0079,2/7/2016,2,3,134,60.14,94.37,97.2,41.58,,24.51,,,,
16.008,2/7/2016,2,4,225,71.1,111.97,115.07,51.3,,31.8,,,,
16.0081,2/7/2016,2,3,238,73.23,114.02,116.83,54,,32.07,,,,
16.0082,2/7/2016,2,4,179,66.84,101.39,104.48,47.7,,27.73,,,,
16.0083,2/7/2016,2,3,157,63.73,98.15,101.06,45.11,,25.04,,,,
16.0084,2/7/2016,2,3,214,70.17,107.94,111.51,49.9,,29.6,,,,
16.0085,2/7/2016,1,3,243,69.68,109.07,113.59,59.19,34.42,,,,,
16.0086,2/7/2016,2,4,191,67.39,105.71,108.14,46.2,,28.36,,,,
16.0087,2/7/2016,2,3,132,63.31,97.93,100.47,43.16,,28.11,,,,
16.0088,2/7/2016,1,3,210,65.83,104.83,109.33,58.77,32.88,,,,,
16.0089,2/7/2016,2,4,167,65.09,103.52,106.23,44.01,,26.59,,,,
16.009,2/7/2016,2,2,139,61.2,94.64,97.2,43.38,,25.03,,,,
16.0091,2/7/2016,2,4,184,66.42,103.51,105.94,46.67,,29,,,,
16.0092,2/7/2016,1,3,197,69.74,103.66,106.43,57.36,30.86,,,,,
16.0093,2/7/2016,1,3,244,69.52,112.89,117.69,57.58,30.54,,,,,
16.0094,2/7/2016,1,3,233,66.31,108.77,113.4,59.45,32.72,,,,,
16.0095,2/7/2016,1,3,150,58.93,94.44,96.1,49.33,27.76,,,,,
16.0096,2/7/2016,2,3,144,62.21,96.27,99.19,42.11,,26.73,,,,
16.0097,2/7/2016,2,3,141,61.05,93.83,96.86,44,,25.06,,,,
16.0098,2/7/2016,2,4,152,62.82,99.33,100.91,42.4,,27.72,,,,
16.0099,2/7/2016,1,3,91,52.6,84.22,85.54,40.43,21.24,,,,,
16.01,2/7/2016,2,3,165,66.25,101.03,103.96,46.95,,27.06,,,,
16.0101,2/7/2016,2,4,165,64.65,98.03,99.79,46.66,,26.03,,,,
16.0102,2/7/2016,2,4,120,58.13,90.7,92.33,41.31,,24.36,,,,
16.0103,2/7/2016,1,3,150,63.48,96.59,98.88,45.36,24.41,,,,,
16.0104,2/7/2016,2,4,145,61.85,95.97,98.34,41.91,,25.83,,,,
16.0105,2/7/2016,2,4,189,66.63,103.84,107.05,48.1,,28.67,,,,
16.0106,2/7/2016,2,3,147,62.92,97.81,100.05,45.1,,26.54,,,,
16.0107,2/7/2016,2,3,137,60.59,93.43,96.6,42.78,,24.13,,,,
16.0108,2/7/2016,2,4,117,60.42,93.18,96.86,44.42,,25.61,,,,
16.0109,2/7/2016,1,2,169,61.44,96.78,99.44,52.69,30.25,,,,,
16.011,2/7/2016,2,4,117,59.22,90.77,92.87,39.94,,25.35,,,,
16.0111,2/7/2016,1,2,253,70.46,115.6,119.45,63.21,35.25,,,,,
16.0112,2/7/2016,2,3,126,59.71,93.73,95.8,42.14,,25.65,,,,
16.0113,2/7/2016,1,4,265,69.74,115.07,118.74,63.22,35.21,,,,,
16.0114,2/7/2016,1,4,227,67.1,109.56,112.8,59.27,33.58,,,,,
16.0115,2/7/2016,2,4,132,60.17,93.44,95.31,40.37,,24.33,,,,
16.0116,2/7/2016,1,3,136,58.57,92.61,95.87,47.58,26.26,,,,,
16.0117,2/7/2016,2,2,167,65.03,100.06,102.05,45.78,,25.86,,,,
16.0118,2/7/2016,2,4,168,64.48,100.22,102.14,43.66,,28.15,,,,
16.0119,2/7/2016,2,4,129,59.32,93.56,95.55,39.71,,24.41,,,,
16.012,2/7/2016,2,4,125,5.16,91.09,93.67,38.65,,23.2,,,,
16.0121,2/7/2016,2,3,136,61.44,92.86,95.11,44.29,,25.25,,,,
16.0122,2/7/2016,2,3,153,63.08,95.82,98.14,44.07,,25.29,,,,
16.0123,2/7/2016,2,3,157,64.39,97.72,99.82,45.84,,25.96,,,,
16.0124,2/7/2016,2,3,189,67.98,105.68,108.11,48.01,,27.41,,,,
16.0125,2/7/2016,2,3,122,57.87,91.19,93.65,41.04,,23.94,,,,
16.0126,2/7/2016,2,4,128,59.04,92.85,94.26,42.28,,22.37,,,,
16.0127,3/2/2016,2,3,153,62.1,95.9,96.7,45.8,,24.4,,,,
16.0128,3/2/2016,1,3,258,71.5,115.3,120,62,35.3,,,,,
16.0129,3/2/2016,2,3,200,71.9,112.1,115.4,51.41,,30.13,,,,
16.013,3/2/2016,1,3,134,58.7,92.2,95.3,46.2,26,,,,,
16.0131,3/2/2016,1,3,156,71.7,114,118.1,,,,,,,
16.0132,3/2/2016,1,3,192,63.8,101.2,105.3,53.4,31.4,,,,,
16.0133,3/2/2016,1,3,180,63.2,103.2,106.2,55.1,31.3,,,,,
16.0134,3/2/2016,1,3,115,56.6,90.5,94.8,43.7,24.6,,,,,
16.0135,3/2/2016,1,3,189,64.1,103.2,106.8,56.2,32.6,,,,,
16.0136,3/2/2016,2,3,139,64.4,100,102.8,46.4,,26.9,,,,
16.0137,3/2/2016,2,3,130,62.9,96.4,98.8,43.5,,26.4,,,,
16.0138,3/2/2016,2,4,137,61.9,94.3,97.2,41.8,,25.9,,,,
16.0139,3/2/2016,2,3,121,60.2,87.1,89.1,44,,23.8,,,,
16.014,3/2/2016,1,4,259,68.4,112.1,115.8,61.5,38.3,,,,,
16.0141,3/2/2016,1,3,165,60.98,96,100,50.3,31,,,,,
16.0142,3/2/2016,1,2,205,65,103.6,107.8,56.8,31.6,,,,,
16.0143,3/2/2016,1,2,141,63,101.5,105,51.2,26.3,,,,,
16.0144,3/2/2016,1,3,237,73.3,111.4,116.5,65,36.3,,,,,
16.0145,3/2/2016,1,3,140,62.8,100.8,103.9,48.6,27.5,,,,,
16.0146,3/2/2016,1,4,165,61.5,99,102.9,55.8,30.7,,,,,
16.0147,3/2/2016,2,2,168,65.7,103.3,106.8,47.3,,27.1,,,,
16.0148,3/2/2016,2,4,143,61,93.9,96.3,43.1,,24.5,,,,
16.0149,3/2/2016,1,2,230,67.9,105.6,106.1,58,33,,,,,
16.015,3/2/2016,2,3,124,64,99.3,103,44.9,,27,,,,
16.0151,3/2/2016,1,4,193,63.8,100.8,105.5,53.6,30.8,,,,,
16.0152,3/2/2016,1,4,246,69.4,111.5,115.2,57.8,33.4,,,,,
16.0153,3/2/2016,2,2,163,68.2,103.3,107.4,47,,27.7,,,,
16.0154,3/2/2016,1,4,311,76.8,124.3,128.4,72.4,42.9,,,,,
16.0155,3/2/2016,2,3,194,67.8,104.3,106.9,48.9,,27,,,,
16.0156,3/2/2016,2,2,143,61.9,98.2,101.7,43.4,,25.2,,,,
16.0157,3/2/2016,2,4,186,63.3,99.2,101.1,40.8,,27.6,,,,
16.0158,3/2/2016,1,4,149,61.2,97.1,99.8,50.9,28,,,,,
16.0159,3/2/2016,1,4,317,73.2,118.8,121.6,67.2,38.1,,,,,
16.016,3/2/2016,1,2,118,54.17,86.7,90,43.4,24.2,,,,,
16.0161,3/2/2016,1,3,105,52.2,83.3,86.7,41.3,21.9,,,,,
16.0162,3/2/2016,2,3,173,66.1,102,104.7,48.4,,27.7,,,,
16.0163,3/2/2016,2,3,157,63.6,100.4,102.9,45.1,,26.7,,,,
16.0164,3/2/2016,2,3,128,57.3,90.9,93.3,40.4,,23.1,,,,
16.0165,3/2/2016,1,3,102,52.3,85.4,89,40,22.1,,,,,
16.0166,3/2/2016,1,3,145,60.9,97.2,100.8,47.1,25.9,,,,,
16.0167,3/2/2016,2,2,181,67.1,100.8,104.9,49.4,,27.6,,,,
16.0168,3/2/2016,2,4,176,69.9,108.7,111,48.8,,30.6,,,,
16.0169,3/2/2016,1,3,217,64,103.9,106.4,57.7,34,,,,,
16.017,5/17/2016,2,1,83,59.18,89.06,91.56,42.26,,24.4,,,,
16.0171,5/18/2016,1,4,270,69.5,113.2,117.3,64.1,35.5,,63.62,,45,42
16.0172,5/18/2016,1,3,225,65.6,104.4,107.8,59.4,33.7,,59.23,,37,38
16.0173,5/18/2016,1,3,308,73,117.5,121.6,66.8,38.5,,67.29,,52,53
16.0174,5/18/2016,1,2,223,66.5,107.6,111.6,60.2,34.3,,59.19,,38,38
16.0175,5/18/2016,1,4,250,69,112.6,115.3,61.3,35.3,,61.37,,42,40
16.0176,5/18/2016,1,4,190,67.6,106.8,109.8,58.2,32.5,,,,,37
16.0177,5/18/2016,1,3,346,91.1,143.7,148.6,,,,,,,
16.0178,5/18/2016,1,4,280,71.1,113.6,119.1,64.8,36.5,,65.44,,45,46
16.0179,5/18/2016,1,3,158,62.2,99.6,102.9,44.7,23.5,,48.86,26.88,16,21
16.018,5/18/2016,1,4,310,76.7,121.8,125,65.2,36,,65.56,35.29,46,46
16.0181,5/18/2016,1,4,304,73.6,117.4,120.8,66.5,37.4,,65.38,36.46,55,51
16.0182,5/18/2016,1,4,217,65.9,104.6,108,57.9,32,,58.17,31.63,34,34
16.0183,5/18/2016,2,3,91,51.7,80.3,82.4,36.7,,20.1,36.59,,8,8
16.0184,5/18/2016,1,4,322,74.9,121.5,125.3,65,37.7,,65.07,37.66,53,53
16.0185,5/18/2016,1,3,282,71.8,115,118.1,66,39.1,,66.19,38.98,52,50
16.0186,5/18/2016,1,4,202,68.6,109.7,113.1,60.6,34.4,,,,,43
16.0187,5/18/2016,1,3,161,64,102,104.7,42.5,21.4,,50.66,26.57,8,13
16.0188,5/18/2016,1,4,239,68.3,108.9,112.8,59.1,32.9,,59.2,33.02,37,37
16.0189,5/18/2016,1,4,191,64.4,102.8,106.2,54.4,29.8,,54.06,29.38,30,28
16.019,5/18/2016,1,4,277,71.7,113.1,118.1,61.5,34.7,,60.48,34.51,47,44
16.0191,5/18/2016,1,4,309,72.7,116.7,120.6,64.6,37.7,,64.8,36.94,54,53
16.0192,5/18/2016,1,4,207,65,104,105.4,57,33.1,,58.13,33.57,37,36
16.0193,5/18/2016,1,3,159,61.3,99.1,102.4,53.2,29.4,,34.34,16.67,28,8
16.0194,5/18/2016,1,4,201,65.7,104.6,104.6,52.3,29.6,,55.45,30.97,28,30
16.0195,5/18/2016,1,3,122,57.9,92.5,96.3,50.6,27.8,,,,,22
16.0196,5/18/2016,1,4,224,66.9,105.6,107.5,59.9,33.1,,57.05,31.08,41,37
16.0197,5/18/2016,1,4,187,62.6,98.4,100.3,55.4,30.5,,55.09,32,31,32
16.0198,5/18/2016,1,4,194,63.4,101.6,105.1,55.2,30.2,,54.94,29.85,30,27
16.0199,5/18/2016,1,3,303,75.1,122.4,125.6,65,36.3,,63.98,35.37,44,48
16.02,5/18/2016,1,3,167,62.63,100.3,103.6,51.3,27.7,,51.74,26.94,22,22
16.0201,5/18/2016,1,4,136,60.6,96.2,98.5,50.7,27.8,,,,24,
16.0202,5/18/2016,1,4,162,61.5,98.4,100.7,51.5,28.5,,51.33,28.33,24,23
16.0203,5/18/2016,1,4,164,64,100.5,103.3,55.8,32.4,,,,32,
16.0204,5/18/2016,1,4,248,68.5,108.6,111.7,58.4,33.2,,60.03,34.19,39,40
16.0205,5/18/2016,1,3,220,66.5,106.2,109.9,59,33.5,,50.83,27.2,38,24
16.0206,5/18/2016,1,4,198,65.4,104.4,106.8,56.8,32.1,,57.31,31.62,32,31
16.0207,5/7/2016,2,3,233,,114.59,118.07,51.71,,31.55,52.25,27.58,22,23
16.0208,5/5/2016,1,2,164,63.33,102.26,106.06,50.53,26.18,,47.15,26.22,19,18
16.0209,5/5/2016,2,4,178,68.28,105.31,107.78,49.7,,28.81,49.46,,18,19
16.0211,5/6/2016,1,2,498,88.27,144.4,147.38,82.61,44.39,,83.09,44.67,70,85
16.0212,5/6/2016,2,2,55,44.41,70.23,72.52,32.66,,14.27,32.86,17.25,5,6
16.0214,5/12/2016,1,4,432,90.87,147.69,151.55,71.47,37.5,,,,,63
16.0215,5/7/2016,2,2,188,70.61,110.31,113.69,51.57,,30.01,,27.3,23,
16.0216,5/5/2016,2,3,175,66.3,103.15,106.28,50.63,,27.05,48.2,24.75,15,16
16.0217,5/6/2016,1,3,513,87.31,142.4,148.12,75.74,40.49,,82.94,46.56,68,97
16.0221,5/7/2016,1,3,593,92.58,151.89,155.69,83.52,47.87,,83.35,46.96,99,99
16.0222,5/7/2016,2,3,115,58.19,89.69,92.45,40.37,,22.72,39.35,22.35,13,11
16.0223,5/7/2016,2,4,193,68.86,106.92,109.39,48.23,,29.11,47.85,26.7,23,21
16.0224,5/7/2016,1,2,249,77.06,122.25,127.43,64.34,32.75,,64.44,32.39,39,38
16.0225,5/7/2016,1,3,343,80.32,131.46,136.09,72.75,43.41,,,,,74
16.0226,5/7/2016,2,3,299,79.44,121.17,124.69,55.65,,36.65,54.65,29.36,32,33
16.0227,5/6/2016,1,2,24,37.42,59.39,61.63,26.11,13.29,,28.03,14.26,3,2
16.0228,5/6/2016,1,4,261,71.01,114.96,118.52,62.21,35.23,,61.63,34.81,39,42
16.0231,5/6/2016,1,2,277,73.84,121.99,127.61,64.16,34.45,,63.08,34.64,41,40
16.0232,5/11/2016,1,4,250,68.56,110.5,113.62,59.94,33.88,,62.44,35.76,42,43
16.0234,5/7/2016,1,4,351,81.01,,,70.67,40.7,,,,63,
16.0235,5/7/2016,1,2,538,87.66,142.68,149.18,79.88,46.19,,80.3,45.89,93,90
16.0236,5/7/2016,1,2,241,68.31,110.53,115.19,61.89,34.13,,62.79,34.81,41,43
16.0241,5/6/2016,1,4,417,86.43,138.48,142.43,74.47,41.9,,,,77,
16.0243,5/7/2016,1,3,522,86.74,143.33,148.29,84.27,48.14,,83.58,48.28,93,96
16.0244,5/7/2016,2,4,240,75.46,117.7,119.4,48.14,,33.24,47.98,26.09,21,20
16.0248,5/6/2016,1,2,459,89.86,144.64,149.22,78.64,44.12,,82.43,45.27,52,80
16.0249,5/6/2016,1,3,479,86.96,142.42,147.84,76.89,38.51,,78.77,42.88,67,75
16.0252,5/11/2016,1,3,226,67.93,109.84,112.77,59.84,33.09,,59.53,33.07,34,35
16.0253,5/7/2016,2,4,243,72.93,114.85,117.86,51.5,,31.69,53.64,28.04,25,27
16.0254,5/7/2016,2,4,237,75.14,118.24,121.36,53.12,,33.52,,,29,
16.0255,5/7/2016,2,4,224,75.11,115.56,117.6,53.14,,33.1,,28.32,,26
16.0256,5/7/2016,2,4,161,71.44,110.27,112.85,49.89,,29.92,,27.03,,21
16.0257,5/7/2016,2,3,248,75.41,115.11,117.16,50.41,,33.17,53.39,28.7,22,24
16.0258,5/7/2016,1,4,334,75.54,123.78,128.93,66.8,38.67,,66.62,38.75,54,53
16.0259,5/7/2016,1,2,233,71.79,118.14,121.99,68.53,38.28,,,,47,
16.026,5/8/2016,1,1,46,39.96,,,30.1,14.83,,29.59,14.77,,
16.0261,5/8/2016,1,1,62,44.41,73.13,75.06,34.4,17.49,,33.24,17.29,6,6
16.0262,5/8/2016,1,3,306,73.92,121.1,125.54,64.39,36.7,,64.25,36.4,50,49
16.0263,5/8/2016,1,4,161,65.24,105.3,107.56,53.39,29.36,,,,,27
16.0264,5/7/2016,1,2,564,90.66,147.71,153.61,79.66,41.61,,81.99,45.49,80,90
16.0265,5/7/2016,1,4,457,83.48,135.72,142.26,76.75,43.95,,76.7,43.46,76,75
16.0266,5/7/2016,1,2,344,77.06,122.27,127.7,67.63,39.34,,69.32,39.13,55,56
16.0267,5/7/2016,1,3,262,75.93,125.17,129.03,66.11,36.18,,,,48,
16.0268,5/7/2016,1,3,308,73.51,121.51,125.43,63.61,35.82,,63,35,44,43
16.0269,5/7/2016,1,4,358,82.89,132.75,138.01,74.31,42.19,,,,,71
16.027,5/7/2016,1,4,278,77.35,128.1,130.85,70.22,39.24,,,,58,
16.0271,5/7/2016,2,3,96,54.46,85.16,86.8,39.11,,20.14,28.19,13.63,,
16.0272,5/7/2016,2,4,185,67.63,105.49,107.76,48.17,,28.72,47.4,25.17,20,18
16.0273,5/8/2016,1,3,356,80.03,127.16,130.03,69.78,39.32,,71.66,38.57,62,62
16.0274,5/8/2016,1,3,517,89.24,145.89,151.49,81.5,46.28,,80.56,43.64,83,80
16.0275,5/8/2016,1,4,555,91.29,148.11,154.81,86.24,46.53,,85.26,46.41,93,92
16.0276,5/8/2016,1,4,270,74.11,120.21,123.18,58.12,33.16,,56.91,33.44,35,37
16.0277,5/7/2016,2,3,148,63.73,96.66,98.2,43.08,,26.28,44.05,23.75,15,15
16.0278,5/7/2016,2,2,189,68.23,106.16,108.08,49.67,,28.82,49.37,25.78,16,15
16.0279,5/8/2016,1,4,623,96.78,156.13,160.88,88.02,50.79,,90.69,50.75,109,111
16.028,5/8/2016,1,4,512,87.73,141,147.22,80.51,44.12,,80.69,42.97,88,92
16.0281,5/8/2016,1,2,244,68.34,110.6,115.24,58.1,33.16,,57.96,29.23,34,33
16.0282,5/8/2016,1,2,183,66.07,106.77,111.61,55.67,30.29,,,,,30
16.0283,6/15/2016,1,4,278,72.41,113.65,116.45,63.52,36.21,,65.47,37.28,44,47
16.0284,6/15/2016,2,4,162,65.55,100.87,104.62,47.53,,27.42,47.14,25.28,17,19
16.0285,6/15/2016,1,4,250,70.97,114.07,117.46,60.41,34.71,,61.49,35.02,40,41
16.0286,6/15/2016,1,4,281,72.88,117.07,119.65,64.32,35.93,,,39.15,54,49
16.0287,6/15/2016,1,4,204,65.3,105.47,107.41,55.65,29.79,,55.4,30.01,29,29
16.0288,6/15/2016,1,4,212,66.43,107.08,109.05,54.36,32.49,,57.76,33.13,32,34
16.0289,6/15/2016,1,4,238,67.4,106.79,109.94,58.78,32.55,,60.56,32.95,38,37
16.029,6/15/2016,1,2,118,57.27,91.79,94.48,49.59,27.48,,49.38,27.24,17,15
16.0291,6/15/2016,1,4,172,61.35,97.26,98.59,53.42,29.96,,52.88,28.95,27,24
16.0292,6/15/2016,1,4,133,63.33,99.4,103.65,,26.71,,,,19,
16.0293,6/15/2016,2,4,190,67.27,103.7,105.93,46.75,,27.83,46.25,26.66,19,19
16.0294,6/15/2016,1,3,219,66.21,103.85,106.58,58.49,32.4,,58.28,32.72,37,35
16.0295,6/15/2016,1,4,225,67.83,108.91,111.84,60.02,33.51,,60.41,33.08,37,36
16.0296,6/15/2016,1,4,178,62.24,100.83,103.53,55.03,30.77,,48.56,23.84,30,19
16.0297,6/15/2016,1,4,245,69.66,112,115.99,60.02,33.33,,60.06,33.34,36,39
16.0298,6/16/2016,1,4,231,67.37,106.29,109.11,61.13,33.1,,60.31,33.27,37,37
16.0299,6/16/2016,1,4,223,67.09,108.25,112.16,59.61,32.19,,58.92,31.72,35,35
16.03,6/16/2016,1,4,310,80.13,129.75,133.47,67.73,38.25,,,,55,
16.0301,6/16/2016,1,4,324,75.88,122.34,126.39,68.87,39.95,,68.53,39.01,59,60
16.0302,6/16/2016,1,4,255,67.55,110.09,113.44,62.42,33.49,,62.44,34.54,41,42
16.0303,6/16/2016,1,4,309,78.1,128.66,130.61,73.65,41.38,,,,68,
16.0304,6/16/2016,1,4,205,63.45,101.79,103.87,56.34,31.1,,56.09,29.01,34,30
16.0305,6/16/2016,1,3,410,79.37,128.13,131.71,71.95,40.08,,71.84,39.65,67,66
16.0306,6/16/2016,1,4,246,68.61,112.5,115.5,57.6,33.09,,58.82,33.74,,
16.0307,6/23/2016,1,3,182,64.02,102.4,105.71,51.11,27.33,,53.3,27.8,21,24
16.0308,6/23/2016,2,3,149,62.95,97.24,100.32,45.44,,25,45.45,24.16,15,15
16.0309,6/23/2016,1,,110,55.12,87.56,90.15,44.18,22.71,,43.52,22.72,13,13
16.031,6/23/2016,1,4,116,57.98,92.03,95.04,45.49,25.34,,,,18,
16.0311,6/23/2016,1,3,194,64.63,101.62,105.75,54.44,31.18,,54.09,30.43,32,31
16.0312,6/23/2016,2,4,171,68.08,107.51,110.2,48.9,,28.94,,,18,
16.0313,6/23/2016,1,2,119,53.67,85.58,88.2,43.31,23.68,,42.45,23.55,13,13
16.0314,6/23/2016,2,4,187,67.71,101.12,104.36,45.69,,27.64,45.94,25.67,17,18
16.0315,6/23/2016,1,3,211,65.22,104.02,106.92,58.7,32.07,,58.36,32.27,34,35
16.0316,6/23/2016,1,2,159,64.26,102.8,106.62,55.89,28.68,,,,,28
16.0317,6/23/2016,1,4,293,79.83,130.67,133.36,72.59,41.66,,,,,68
16.0318,6/23/2016,1,4,119,58.29,91.99,92.97,39.39,21.86,,45.08,25.81,14,18
16.0319,6/23/2016,1,2,157,59.53,98.05,100.71,49.8,27.22,,48.97,26.38,22,20
16.032,6/23/2016,2,2,131,61.79,93.43,95.93,36.06,,24.89,44.84,22.78,8,14
16.0321,6/23/2016,1,4,359,78.89,127.06,129.71,70.78,40.15,,67.97,36.57,60,53
16.0322,6/23/2016,2,2,112,59.69,89.21,92.11,43.02,,24.75,42.59,22.4,11,11
16.0323,6/23/2016,2,2,57,47.75,74.51,76.41,34.94,,16.34,,,7,
16.0324,6/23/2016,1,2,41,44.85,71.07,72.13,,,,,,,
16.0325,6/23/2016,1,2,29,41.99,65.66,68.69,31.77,16.36,,,,,5
16.0326,6/23/2016,2,2,139,60.32,91.62,93.49,43.6,,24.83,43.01,22.47,12,12
16.0327,6/23/2016,1,3,156,62.19,99.39,102.11,28.15,14.72,,51.09,28.4,6,24
16.0328,6/23/2016,2,2,149,63.79,97.05,100.33,45.88,,26.38,45.84,23.78,14,14
16.0329,6/23/2016,1,2,185,63.65,99.02,99.36,54.66,30.36,,54.41,29.96,29,30
16.033,6/23/2016,1,4,154,62.4,101.97,104.56,50.32,28.9,,34.89,16.76,26,7
16.0331,6/23/2016,1,4,268,83.54,137.24,142.63,,,,,,,
16.0332,6/23/2016,1,3,218,66.93,105.66,107.86,48.27,24.5,,57.93,31.56,22,35
16.0333,6/23/2016,1,4,288,77.82,127.19,132.01,69.17,39.57,,,,,65
16.0334,6/23/2016,1,4,202,63.43,104.07,106.32,57.18,31.56,,57.52,32.6,33,33
16.0335,6/23/2016,2,2,139,62.51,97.2,100.87,45.81,,24.51,45.66,23.75,14,14
16.0336,6/23/2016,2,4,145,62.6,95.64,97.64,44.55,,25.55,44.43,24.44,15,15
16.0337,6/23/2016,1,4,154,64.87,101.72,105.2,29.2,14.99,,54.32,28.42,5,26
16.0338,6/23/2016,2,2,146,62.09,96,98.44,45.65,,25.95,45.92,24.01,15,14
16.0339,6/23/2016,1,,114,60.02,98.85,102.16,50.42,27.21,,,,19,
16.034,6/23/2016,2,3,128,60.58,92.45,94.43,40.93,,22.79,40.61,21.48,11,12
16.0341,6/23/2016,2,2,153,64.39,99.13,100.67,46.84,,27,46.26,24.3,15,16
16.0342,6/23/2016,1,3,151,61.1,97.11,99.46,50.71,27.34,,50.85,27.12,24,24
16.0343,6/23/2016,1,4,203,66.09,104.75,107.34,53.71,32.23,,55.83,31.1,33,31
16.0344,6/23/2016,1,3,252,85.26,139.15,143,,,,,,,
16.0345,6/23/2016,1,4,272,78.8,125.98,130.57,69.35,39.56,,,,60,
16.0346,6/23/2016,1,3,94,57.76,92.44,95.01,,,,,,,
16.0347,6/23/2016,2,4,133,62.25,96.39,99.25,46.32,,26.53,45.84,24.7,15,17
16.0348,6/23/2016,1,3,161,59.66,94.91,98.44,51.4,27.73,,52.36,29.27,23,26
16.0349,6/24/2016,2,4,201,68.84,106.22,109.57,50.03,,29.06,46.33,25.08,21,20
16.035,6/24/2016,1,4,186,63.55,97.69,101.78,50.07,26.32,,49.11,24.21,26,24
16.0351,6/24/2016,1,2,148,60.42,97.72,100.08,49.58,26.52,,49.33,26.65,18,18
16.0352,6/24/2016,1,4,135,59.41,98.68,101.67,50.83,28.25,,,,,26
16.0353,6/24/2016,2,3,106,60.37,91.04,93.56,37.32,,22.64,,18.21,,9
16.0354,6/24/2016,1,3,332,75.78,120.13,122.8,65.49,37.25,,66.41,38.34,56,61
16.0355,6/24/2016,1,4,124,57.54,92,94.32,42.97,24.21,,32.27,23.77,15,16
16.0356,6/24/2016,1,4,158,60.68,96.71,99.14,52.01,28.88,,52.2,28.85,26,25
16.0357,6/24/2016,1,4,,59.63,93.38,95.68,47.07,27.25,,,,,23
16.0358,6/24/2016,1,3,194,64.37,101.67,104.49,54.85,29.85,,54.95,29.88,28,29
16.0359,6/24/2016,1,4,212,64.98,105.21,108.06,58.38,32.75,,58.77,32.5,36,36
16.036,6/24/2016,2,2,147,61.56,95.78,97.58,45.16,,24.26,45.97,23.43,14,16
16.0361,6/24/2016,1,4,303,87.14,141.75,146.9,,,,,,,
16.0362,6/24/2016,1,4,104,56.78,89.05,90.26,39.73,23.22,,33.42,17.78,,
16.0363,6/24/2016,1,3,174,62.12,99.27,101.65,53.37,29.37,,54.16,29.54,28,28
16.0364,6/24/2016,2,2,123,64.27,101.2,102.86,44.32,,25.68,,,13,
16.0365,6/24/2016,1,3,129,57.38,92.88,96.08,46.99,25.21,,47.1,25.86,17,17
16.0366,6/24/2016,1,3,231,68.52,111.8,116.26,59.4,33.54,,58.76,32.5,36,38
16.0367,6/24/2016,1,4,297,86.2,141.29,144.91,44.02,22.33,,,,21,
16.0368,6/24/2016,1,4,305,87.71,140.48,145.13,,,,,,,
16.0369,6/24/2016,1,2,128,61.88,101.23,104.09,54.92,31.31,,,,,27
16.037,6/24/2016,1,4,149,59.68,95.13,98.85,51.39,29.66,,51.03,28.95,25,26
16.0371,6/24/2016,1,2,127,59.1,95.86,98.91,52.3,28.6,,51.91,28.75,,
16.0372,6/24/2016,1,4,171,62.61,101.51,104.01,52.42,29.03,,51.87,27.54,26,26
16.03722,5/28/2017,2,2,40,39.57,60.92,62.81,29.2,,12.98,27.82,14.62,4,4
16.0373,6/24/2016,1,4,187,63.63,102.66,105.14,55.98,31.56,,55.27,31.53,29,29
16.0374,6/24/2016,1,4,134,59.84,95.65,97.46,49.11,28.07,,35.62,18.44,22,9
16.0375,6/24/2016,2,3,126,59.54,92.89,95.55,30.88,,24.18,41.79,21.94,11,11
16.0376,6/24/2016,2,3,128,59.89,95.02,97.78,39.71,,23.71,38.81,21.47,12,12
16.0377,6/24/2016,2,4,163,66.42,102.7,105,47.74,,27.87,47.92,26.36,18,21
16.0378,6/24/2016,2,3,131,60.9,95.91,99.43,43,,23.86,42.82,23.19,12,13
16.0379,6/24/2016,2,4,166,64.79,101.32,104.1,45.39,,26.28,45.26,23.65,16,18
16.0382,5/28/2017,2,2,103,58.49,90.87,93.83,43.19,,22.07,43.59,22.31,10,10
16.0393,5/28/2017,1,3,70,46.74,74.19,77.01,36.18,19.24,,37.06,19.44,8,7
16.0408,5/28/2017,2,2,99,54.07,85.07,88.64,40.04,,20.81,39.54,21.64,10,9
16.0412,5/28/2017,1,3,67,48.48,77.34,81.69,37.77,19.73,,37.43,19.77,7,7
16.0417,5/28/2017,2,2,10,,40.59,42.4,18.4,,6.73,18.76,9.26,1,1
16.0418,5/28/2017,2,2,78,50.89,79.04,81.43,36.82,,20.16,37.82,18.95,7,7
16.0419,5/28/2017,2,2,90,54.06,83.54,86.4,39.13,,21.77,39.22,19.87,8,8
16.0424,5/28/2017,2,2,14.44,29.39,44.23,46.14,21.13,,8.5,20.87,10.66,1,1
16.0427,5/7/2016,2,4,333,74.67,115.51,119.9,55.43,,33.37,55.22,30.31,27,28
16.0431,5/7/2016,2,4,248,71.96,112.27,115.65,47.14,,32.79,,24.69,19,
16.0432,5/11/2016,2,4,195,62.06,97.86,99.91,43.31,,25.98,42.65,22.24,15,13
16.0433,5/7/2016,2,4,254,74.19,112.27,115.88,52.23,,33.4,,27.72,25,
16.0436,5/7/2016,2,3,299,76.83,119.22,122.35,55.32,,33.92,55.8,30.57,27,28
16.0437,5/7/2016,1,2,541,92.16,148.63,152.3,84.08,47.29,,75.82,37.67,88,66
16.0438,5/7/2016,2,4,273,76.04,117.44,121.98,54.8,,34.25,54.27,29.8,30,27
16.0439,5/7/2016,2,2,161,65.09,99.88,103.38,46.39,,26.36,45.61,24.02,15,15
16.044,5/7/2016,2,2,194,67.63,108.15,111.69,48.07,,28.9,47.52,25.2,19,20
16.0441,5/7/2016,2,4,228,75.17,116.52,120.24,51.57,,32.44,,27.92,23,
16.0442,5/7/2016,2,4,350,79.02,119.38,122.03,55.68,,36.25,56.03,30.59,28,31
16.0443,5/7/2016,2,3,237,69.99,108.25,111.17,50.52,,28.68,50.13,25.72,23,23
16.0444,5/7/2016,2,4,279,73.49,114.87,116.91,53.8,,31.48,53.58,28.32,26,26
16.0445,5/7/2016,2,4,317,78.17,122.32,123.37,56.24,,36.27,,29.71,,30
16.0446,7/13/2016,1,4,271,70.9,112.96,115.95,65.12,35.97,,64.68,36.26,46,45
16.0447,7/13/2016,1,3,194,67.31,108.04,110.89,61.18,34.46,,,,,39
16.0448,7/13/2016,1,4,171,63.6,101.77,104.82,56.66,30.79,,,,,31
16.0449,7/13/2016,1,2,259,71.09,115.75,119.95,63.85,35.4,,64.18,35.04,43,44
16.045,7/13/2016,1,4,283,77.67,129.6,133.3,70.05,39.41,,,,,58
16.0451,7/13/2016,1,3,190,66.32,105.72,108.98,61.81,34.7,,,,41,
16.0452,7/13/2016,1,3,283,71.31,115.44,118.34,66.8,37.76,,67.02,38.07,48,49
16.0453,7/13/2016,1,4,249,68.98,110.91,114.52,63.29,35.06,,63.41,34.97,42,43
16.0454,7/13/2016,1,4,164,61.87,96.88,100.34,52.29,30.01,,51.83,30.04,25,27
16.0455,7/13/2016,1,3,172,61.79,99.14,101.21,54.48,30.91,,49.95,26.7,29,20
16.0456,7/13/2016,1,4,306,72.18,116.68,121.84,65.34,36.32,,65.42,36.57,46,45
16.0457,7/13/2016,1,3,217,66.32,106.67,109.26,58.16,31.85,,57.85,31.83,33,34
16.0458,7/13/2016,1,4,129,61.35,97.79,100.68,49.79,27.78,,,,19,
16.0459,7/13/2016,1,4,306,74.79,118.9,122.99,67.45,37.41,,65.68,37.26,46,45
16.046,7/13/2016,1,4,132,59.6,95.11,98.34,48.18,25.96,,42.22,21.39,19,15
16.0461,7/13/2016,1,4,249,69.81,111.95,115.32,62.19,34.06,,64.25,35.32,41,45
16.0462,7/13/2016,1,4,276,72.3,119.94,123.59,62.65,35.41,,50.05,35.29,42,41
16.0463,7/13/2016,1,3,172,61.82,98.61,102.44,53.6,29.35,,53.66,29.22,27,26
16.0464,7/13/2016,1,4,147,63.57,101.17,104.24,55.06,32.09,,,,,32
16.0465,7/13/2016,1,4,282,71.15,114.71,118.11,64.84,36.54,,63.04,35.86,46,44
16.0466,7/13/2016,1,3,177,61.55,97.56,100.14,53.62,30.67,,54.79,30.62,28,28
16.0467,7/13/2016,1,4,198,65.27,105.47,108.42,55.88,30.2,,54.46,30.27,28,30
16.0468,7/13/2016,1,3,256,68.45,110.17,114.68,62.14,36.03,,62.54,36.24,43,43
16.0469,7/14/2016,2,3,104,59.33,91.8,95.12,42.74,,23.81,,,,14
16.047,7/14/2016,2,3,203,70.2,107.44,110.75,39.84,,30.91,50.97,27.45,21,23
16.0471,7/14/2016,1,4,172,64.39,101.51,104.57,54.27,29.27,,37.32,18.22,10,27
16.0472,7/14/2016,2,4,168,65.71,99.9,101.23,48.37,,29.94,47.7,25.53,18,18
16.0473,7/14/2016,2,3,170,67.84,104.88,107.71,47.7,,29.46,47.77,26.06,20,21
16.0474,7/14/2016,2,3,192,70.61,106.54,111,48.82,,31.14,49.96,27.7,19,21
16.0475,7/14/2016,2,4,263,76.28,119.25,121.9,57.96,,34.25,55.13,29.52,30,26
16.0476,7/14/2016,2,3,171,64.59,98.89,102.7,46.15,,27.69,46.16,24.77,17,18
16.0477,7/14/2016,2,3,120,59.55,90.74,92.87,41.18,,24.8,41.18,21.68,11,11
16.0478,7/14/2016,2,3,161,63.79,99.12,102.29,45.03,,26.93,44.03,24.21,15,15
16.0479,7/14/2016,2,4,127,59.05,91.77,94.71,42.74,,23.6,42.66,22.43,13,13
16.048,7/14/2016,2,4,170,65.01,102.45,105.17,48.42,,26.42,46.83,25.34,17,18
16.0481,7/14/2016,2,3,180,66.75,105.58,109.15,47.29,,27.56,47.52,25.71,19,18
16.0482,7/14/2016,2,3,171,66.41,102.28,105.94,47.26,,25.91,47.7,24.6,17,17
16.0483,7/14/2016,2,3,139,61.04,94.44,96.4,42.14,,25.41,39.78,21.91,12,12
16.0484,7/14/2016,2,4,207,68.84,107.65,110.65,49.35,,30.29,49.02,27.2,21,20
16.0485,7/18/2016,1,4,307,74.42,121.82,126.73,65.98,38.52,,,38.17,48,50
16.0486,7/18/2016,1,4,241,68.2,110.55,114.08,56.84,33.04,,57.17,33.64,33,34
16.0487,7/18/2016,1,4,155,60.97,97.13,100.35,51.98,28.61,,35.94,19.19,24,11
16.0488,7/18/2016,1,2,243,71.17,114.35,117.27,62.39,36.05,,63.54,35.99,40,40
16.0489,7/18/2016,1,4,232,66.91,105.66,110.32,60.92,33.42,,59.98,33.36,39,39
16.049,7/18/2016,1,4,271,79.07,129.43,132.36,52.61,26.87,,,,27,
16.0491,7/18/2016,1,4,174,61.54,99.7,103.49,51.99,28.82,,52.23,29.4,25,26
16.0492,7/18/2016,1,3,180,60.69,98.17,101.47,54.47,31.64,,53.82,32.19,30,29
16.0493,7/18/2016,1,4,243,73.55,118.72,123.68,63.6,35.84,,,,,44
16.0494,7/18/2016,1,3,197,64.87,102.58,106.21,55.55,32.18,,53.35,30.76,30,26
16.0495,7/18/2016,1,2,203,69.55,111.32,115.84,63.39,36.03,,,,39,
16.0496,7/18/2016,1,2,240,70.51,111.92,117.52,59.27,32.32,,60.41,34.45,33,37
16.0497,7/18/2016,1,4,173,66.54,106.21,109.87,56.72,32.06,,,,30,
16.0498,7/18/2016,1,3,256,69.62,112.97,117.53,64.95,36.24,,63.3,35.34,44,40
16.0499,7/18/2016,1,4,377,76.85,125.74,130.21,69.57,41.06,,69.76,40.79,62,61
16.05,7/18/2016,1,2,190,66.04,103.26,106.49,54.95,29.19,,55.82,30.37,24,26
16.0501,7/19/2016,1,3,236,71.3,114.85,117.89,60.72,34.52,,54.39,27.52,41,25
16.0502,7/19/2016,1,4,245,73.21,116.22,119.95,64.01,36.79,,,,,48
16.0503,7/19/2016,1,2,261,73.55,120.54,123.87,64.98,36.23,,64.43,36.12,44,44
16.0504,7/19/2016,1,2,178,66.52,109.04,112.79,58.8,32.74,,,,33,
16.0505,7/19/2016,1,4,279,71.03,114.56,118.51,64.91,36.39,,64.16,36.32,47,47
16.0506,7/19/2016,1,3,235,68.27,109.32,112.18,61.81,35.54,,61.91,35.33,40,41
16.0507,7/19/2016,1,3,167,65.65,105.62,109.66,51.25,28.27,,,,24,
16.0508,7/19/2016,1,3,240,68.3,111.04,113.99,59.44,34.58,,57.94,34.39,37,36
16.0509,7/19/2016,1,4,232,67.56,108.12,111.67,59.67,33.12,,59.06,33.69,37,38
16.051,7/19/2016,2,3,81,53.75,82.95,85.68,37.2,,20.04,,,10,
16.0511,7/19/2016,2,4,151,66.93,102.57,105.91,47.52,,26.93,,,16,
16.0512,7/19/2016,2,4,144,65.18,98.77,101.01,45.61,,27.17,,,17,
16.0513,7/19/2016,2,4,188,69.2,103.8,106.59,47.64,,29.91,47.67,27.1,18,18
16.0514,7/19/2016,2,4,213,69.85,107.91,111.98,47.62,,28.27,47.69,26.6,21,21
16.0515,7/19/2016,2,3,164,70.24,109,111.9,,,29.64,,,,
16.0516,7/19/2016,2,3,238,73.57,117.22,119.82,51.59,,32.07,51.38,27.92,23,23
16.0517,7/19/2016,2,3,155,63.38,97.15,100.53,44.59,,27.52,40.17,23.98,15,15
16.0518,7/19/2016,2,3,177,66.71,105.47,108.72,47.44,,27.19,45.64,25.3,17,17
16.0519,7/19/2016,2,4,187,67.93,105.66,108.39,45.97,,29.81,45.96,25.84,18,17
16.052,7/19/2016,2,4,237,75.08,118.64,120.94,53.86,,34.49,,,27,
16.0521,7/26/2016,1,4,140,57.78,89.52,94.2,48.07,26.63,,48.45,26.6,21,21
16.0522,7/27/2016,1,2,168,62.83,101.42,104.7,54.39,30.54,,42.56,22.96,16,29
16.0523,7/27/2016,1,4,191,68.43,110.04,111.99,62.86,35.23,,,,42,
16.0524,7/27/2016,1,4,193,62.77,99.14,103.67,58.6,32.89,,57.06,30.63,34,33
16.0525,7/27/2016,1,4,178,63.63,100.41,102.43,52.2,29.12,,52.19,29.53,27,26
16.0526,7/27/2016,1,3,167,60.75,96.26,99.39,52.07,29.17,,49.96,29.51,26,24
16.0527,7/27/2016,1,4,130,57.62,92.3,94.8,48.01,26.06,,44.2,23.92,18,17
16.0528,7/27/2016,1,4,177,61.88,101.31,104.8,52.41,28.72,,52.05,28.82,25,25
16.0529,7/27/2016,1,4,184,62.18,100.01,102.23,54.82,32.57,,54.56,32.64,31,31
16.053,7/27/2016,1,3,180,62.59,97.91,101.48,53.79,29.89,,53.97,30.45,28,28
16.0531,7/27/2016,1,3,214,64.34,99.99,103.73,55.72,31.6,,56.23,32.35,30,33
16.0532,7/27/2016,1,4,167,60.72,96.63,99.67,53.85,28.15,,53.18,28.05,25,25
16.0533,7/27/2016,1,2,52,51.73,81.16,83.34,,,,,,,
16.0534,7/27/2016,1,4,115,57.13,91.1,94.83,48.37,25.42,,,,19,
16.0535,7/27/2016,1,4,161,61.9,98.64,102.32,54.56,30.71,,54.36,30.23,30,29
16.0536,7/27/2016,1,3,121,58.79,91.74,94.14,48.91,27.05,,,,21,
16.0537,7/27/2016,1,3,138,58.31,92.48,94.61,48.53,25.76,,48.75,26.11,19,18
16.0538,7/27/2016,1,4,180,63.62,99.71,102.64,57.98,30.05,,54.15,29.86,27,30
16.0539,7/27/2016,1,4,161,60.05,93.84,97.58,49.6,27.95,,50.75,28.6,22,25
16.054,7/27/2016,1,3,179,63.13,99.35,103.96,53.74,30.44,,,30.65,27,28
16.0541,7/27/2016,1,3,166,61.47,100.76,104.33,53.91,29.55,,54.44,29.55,28,27
16.0542,7/27/2016,2,3,113,59.15,92,94.52,42.36,,22.49,,22.87,,12
16.0543,7/27/2016,2,3,76,51.02,78.61,80.61,35.11,,19.49,35.18,18.71,7,7
16.0544,7/27/2016,2,2,85,51.14,79.68,81.89,36.89,,19.49,33.03,16.85,8,6
16.0545,7/27/2016,2,3,114,57.61,85.08,87.79,40.29,,24.26,40.14,20.94,11,11
16.0546,7/27/2016,2,2,137,63.25,98.1,100.82,44.35,,27.21,,,15,
16.0547,7/27/2016,2,4,158,62.5,99.16,102.47,44.81,,25.92,44.99,24.41,16,16
16.0548,7/27/2016,2,4,187,65.5,103.06,107.22,46.8,,27.8,46.65,26.21,20,18
16.0549,7/27/2016,2,3,135,58.71,91.15,93.48,42.72,,24.13,42.4,22.78,13,14
16.055,7/27/2016,2,3,156,63.45,96.76,99.61,44.44,,26.18,45.02,24.69,15,15
16.0551,7/27/2016,2,3,153,64.18,99.99,102.27,48.93,,27.75,45.73,23.05,18,15
16.0552,7/27/2016,2,3,146,62.35,95.9,97.85,44.79,,25.15,43.52,23.73,15,15
16.0553,7/27/2016,2,4,186,67.98,103.93,107,47.4,,26.78,47.13,26.48,19,19
16.0554,7/27/2016,2,3,144,63.13,95.94,100.17,46.65,,25.08,46.29,25.22,16,17
16.0555,7/27/2016,2,4,141,63.99,95.88,98.44,45.99,,26.25,36.62,24.44,15,8
16.0556,7/27/2016,2,3,145,61.31,95.84,98.38,43.23,,25.39,43.42,24.18,15,15
16.0557,7/27/2016,2,4,201,69.2,106.48,109.2,47.7,,31.1,47.35,26.81,20,19
16.0558,7/27/2016,2,4,200,68.78,107.84,110.17,50.98,,30.82,50.86,27.44,22,22
16.0559,8/3/2016,2,3,85,47.75,73.4,75.4,32.76,,16.83,32.99,17.1,6,6
16.056,8/3/2016,2,2,90,53.46,83.98,86.53,37.84,,19.21,36.23,18.6,8,8
16.0561,8/3/2016,1,4,154,58.84,95.32,98.15,49.5,28,,49.3,27.9,22,21
16.0562,8/3/2016,1,4,162,61.02,98.96,101.27,51.15,27.86,,51.01,27.75,22,23
16.0563,8/3/2016,2,4,138,61.04,91.32,93.93,41.3,,26.33,42.09,22.21,12,13
16.0564,8/3/2016,2,3,132,60.09,96.35,99.63,42.76,,26.49,42.69,22.36,14,12
16.0565,8/3/2016,2,3,154,62.44,96.55,99.89,46.03,,24.66,44.59,24.21,14,15
16.0566,8/3/2016,2,3,141,62.12,96.93,99.54,41.96,,24.21,41.43,22.51,13,13
16.0567,8/3/2016,2,4,89,56.31,85.82,88.71,40.96,,23.29,,21.37,,11
16.0568,8/3/2016,2,3,99,55.53,86.43,90.36,38.01,,22.05,,19.23,,10
16.0569,8/3/2016,1,4,116,57.97,93.04,95.98,43.58,23.09,,,,,14
16.057,8/3/2016,1,4,121,59.36,94.55,97.57,47.68,26.77,,,,,20
16.0571,8/3/2016,2,2,48,43.92,66.71,69.4,21.93,,16.54,30.81,15.41,2,4
16.0572,8/3/2016,2,4,124,60.62,92.14,96.22,41.4,,23.73,40.36,21.45,12,11
16.0573,8/3/2016,2,3,135,61.85,95.55,98.64,37.91,,25.21,41.25,22.78,10,13
16.0574,8/3/2016,2,2,61,45.22,70.84,72.68,31.02,,16.85,31.04,15.98,5,5
16.0575,8/3/2016,2,2,55,44.9,70.54,72.5,31.23,,15.57,31.86,16,5,5
16.0576,8/4/2016,2,3,134,62.47,95.65,99.46,43.19,,24.44,42.7,23.69,13,13
16.0577,8/4/2016,2,3,109,54.56,85.73,87.62,38.51,,19.72,39.23,21.32,11,10
16.0578,8/4/2016,2,4,123,59.84,92.48,94.83,40.62,,25.05,,21.98,12,12
16.0579,8/4/2016,2,4,116,57.65,89.87,92.25,39.81,,22.93,40,21.44,11,11
16.058,8/4/2016,2,2,140,59.92,94.06,96.63,43.81,,25.08,43.94,23.4,14,14
16.0581,8/4/2016,2,4,162,62.83,98.49,101.69,44.08,,27.32,44.18,23.24,14,15
16.0582,8/4/2016,2,4,124,60.09,93.42,96.1,35.13,,25.09,43.42,23.26,10,13
16.0583,8/4/2016,2,4,89,55.68,87.07,89.08,36.62,,22.2,,19.91,,9
16.0584,8/4/2016,2,2,84,50.25,79.95,82,34.68,,17.47,34.4,18.15,7,7
16.0585,8/4/2016,2,3,125,58.82,92.03,95.94,41.43,,23.41,40.91,22.36,11,11
16.0586,8/4/2016,2,4,123,58.83,90.6,93.8,41.97,,25.2,39.76,22.06,13,11
16.0587,8/4/2016,2,4,129,60.64,94.19,96.98,42.64,,23.75,,21.71,12,
16.0588,8/4/2016,2,4,165,63.64,100.19,103.27,44.93,,25.89,44.45,24.21,15,16
16.0589,8/4/2016,2,3,156,61.49,95.34,98.17,44.25,,26.49,44.4,23.4,15,14
16.059,8/4/2016,2,2,125,56.64,88.08,90.2,40.81,,21.61,40.49,22.05,13,12
16.0591,8/4/2016,2,3,137,60.79,94.91,97.46,41.26,,24,42.96,22.29,12,14
16.0592,8/4/2016,2,2,140,61.08,95.11,97.99,43.11,,25.31,43.74,23.51,14,14
16.0593,8/4/2016,2,3,144,61.56,96.47,98.87,43.29,,25.58,42.61,23.18,14,13
16.0594,8/4/2016,2,2,140,60.65,94.32,97.48,44.51,,25.31,44.29,23.43,13,13
16.0595,8/4/2016,2,3,132,58.1,90.49,93.13,40.14,,23.99,39.73,21.58,12,12
16.0596,8/4/2016,2,4,144,61.02,97.25,100.44,42.07,,25.31,42.41,23.88,14,14
16.0597,8/4/2016,2,3,134,61.96,96.29,100.8,43.25,,25.99,,23.13,13,
16.0598,8/4/2016,2,2,152,61.63,97.3,100.46,43.72,,25.14,44.08,24.11,14,15
16.0599,8/4/2016,2,4,154,62.02,97.31,100.99,44.81,,26.23,44.55,23.92,15,16
16.06,8/23/2016,1,3,172,61.1,96.43,100.3,53.93,31.51,,53.94,31.6,28,29
16.0601,8/23/2016,1,2,143,61.54,101.15,103.77,50.54,27.59,,,,,21
16.0602,8/23/2016,1,4,145,63.17,100.05,104.43,48.69,27.53,,,,22,
16.0603,8/23/2016,1,3,152,62.68,99.75,102.16,51.23,28.24,,,,,26
16.0604,8/23/2016,1,4,150,59.58,96.43,99.35,49.38,26.77,,50.26,27.45,19,22
16.0605,8/23/2016,1,4,136,61.16,96.73,98.57,52.24,29.09,,,,25,
16.0606,8/23/2016,2,3,131,59.36,92.21,94.85,43.79,,25.24,44.2,22.92,13,13
16.0607,8/23/2016,2,4,225,71.45,111.74,114.72,51.79,,31.01,50.4,27.13,23,22
16.0608,8/23/2016,2,4,200,69.3,106.7,110.39,49.26,,29.96,48.54,26.01,21,20
16.0609,8/23/2016,2,4,160,64.04,99.32,103.34,46.54,,26.08,46.73,24.38,17,17
16.061,8/23/2016,2,4,183,65.92,104.76,107.24,47.95,,27.86,47.97,25.74,18,18
16.0611,8/23/2016,2,4,188,67.4,103.16,106.3,49.22,,28.02,48.95,26.6,21,21
16.0612,8/23/2016,2,4,190,68.09,103.61,106.46,48.23,,28.8,47.35,25.43,20,20
16.0613,8/23/2016,2,4,145,65.23,100.3,104.35,46.48,,25.84,,23.68,15,
16.0614,8/23/2016,2,4,113,56.12,88.43,92.03,40.87,,21.95,40.03,21.99,11,11
16.0615,8/23/2016,2,3,200,69.2,106.3,109.17,50.15,,30.96,50.33,27.88,22,21
16.0616,8/23/2016,2,4,206,69.18,106.27,109.31,50,,28.65,48.12,27.63,21,21
16.0617,8/23/2016,2,2,101,59.59,90.58,93.72,42.26,,23.98,41.68,22.56,11,11
16.0618,8/23/2016,2,4,206,68.1,108.02,110.25,49.73,,31.31,48.68,26.72,20,19
16.0619,8/23/2016,2,4,134,60.62,93.23,96.06,44.12,,24.16,44.81,23.4,14,14
16.062,8/23/2016,2,3,130,62.64,97.32,100.3,45.07,,27.26,,24.78,,15
16.0621,8/24/2016,2,4,198,70.04,109.12,112.12,50.83,,29.82,,27.57,,25
16.0622,8/24/2016,2,4,204,69.45,103.79,106.78,51.08,,29.45,49.56,26.35,20,19
16.0623,8/24/2016,2,3,213,68.97,109.2,112.48,46.7,,29.88,49.02,27.28,19,22
16.0624,8/24/2016,2,4,182,65.76,101.66,105.73,48.68,,28.18,48.36,26.5,19,20
16.0625,8/24/2016,2,3,167,65.19,98.74,102.82,46.55,,27.69,47.07,23.91,17,16
16.0626,8/24/2016,2,4,225,71.21,109.95,114.9,50.2,,28.88,50.23,26.97,23,23
16.0627,8/24/2016,1,4,158,59.35,97.18,100.21,51.62,29.11,,51.24,29.3,26,26
16.0628,8/24/2016,1,4,153,62.74,101.84,105.48,,,,53.81,29.25,,26
16.0629,8/24/2016,1,2,158,59.37,94.36,98.16,51.11,29.25,,51.69,29.36,24,24
16.063,8/24/2016,1,4,112,57.39,93.26,95.06,47.93,26.04,,,,19,
16.0631,8/24/2016,1,3,161,60.8,99.3,102.85,51.46,26.6,,50.92,27.09,21,21
16.0632,8/24/2016,1,2,88,54.16,85.33,88.23,41.16,22.56,,,,13,
16.0633,8/24/2016,1,3,151,65.02,103.2,106.24,58.04,29.79,,,,27,
16.0634,8/24/2016,1,4,163,63.04,101.85,104.98,,,,55.98,31.59,,33
16.0635,8/24/2016,1,3,152,60.4,95.76,99.25,51.55,27.44,,51.28,27.6,23,22
16.0636,8/24/2016,1,2,141,58.98,94.1,97.18,46.41,25.7,,46.6,25.75,17,17
16.0637,8/24/2016,1,2,206,65.54,105.72,108.1,51.64,30.39,,48.4,30.3,33,30
16.0638,9/13/2016,1,3,85,49.82,79.17,82.66,40.44,21.1,,40.08,21.41,10.4,10.5
16.0639,9/13/2016,1,2,36,38.65,59.57,62.26,28.54,14.52,,28.46,14.56,3.6,3.8
16.064,9/13/2016,1,2,74,48.2,76.4,79.08,35.91,19.63,,36.01,19.17,8.2,8.4
16.0641,9/13/2016,1,2,52,42.75,67.07,70.98,32,17.5,,30.77,16,5.8,5.3
16.0642,9/13/2016,1,2,76,48.96,77.46,80.78,37.33,20.07,,37.43,19.86,8.3,8.4
16.0643,9/13/2016,1,2,73,47.45,75.68,79.05,37.02,20.18,,36.9,19.93,9.1,8.7
16.0644,9/14/2016,2,2,40,40.58,62.35,64.63,28.52,,14.21,28.58,14.97,4,4
16.0645,9/14/2016,1,2,19,32.24,50.65,52.16,23.27,11.86,,23.03,11.52,2,2
16.0646,9/14/2016,1,2,8,25.35,38.82,40.01,,,,,,,
16.0647,9/14/2016,2,2,7.7827,24.29,36.17,37.36,10.8,,6.6,16.12,8.2,0.2398,0.6948
16.0648,9/14/2016,2,2,20,32.31,48.09,49.74,23.07,,10.18,22.41,11.66,2,2
16.0649,9/14/2016,2,2,48,43.65,65.71,68.08,25.59,,15.76,31.05,15.48,2,5
16.065,9/14/2016,2,4,135,60.31,91.47,94.21,42.41,,24.81,42.11,22.72,14,13
16.0651,9/14/2016,2,3,108,58.4,90.05,92.47,41.8,,23.24,41.63,21.61,11,12
16.0652,9/14/2016,2,3,174,63.82,100.86,104.1,47.95,,27.04,48.54,25.83,18,18
16.0653,9/14/2016,2,4,91,53.31,82.46,85.23,36.57,,21.61,37.65,19.57,9,9
16.0654,9/14/2016,2,4,129,57.95,88.12,90.65,41.84,,23.15,41.77,23.15,14,13
16.0655,9/14/2016,2,2,75,51.27,78.53,81.34,36.45,,20.23,36.68,18.8,6,6
16.0656,9/14/2016,2,2,55,43.86,67.44,69.32,30.46,,16.36,31.88,16.3,5,5
16.0657,9/14/2016,2,2,159,64.72,99.99,104.15,47.01,,26.85,46.35,25.74,17,17
16.0658,9/14/2016,2,3,123,56.86,86.88,89.35,40.8,,22.22,40.25,22.39,12,12
16.0659,9/14/2016,2,3,101,55.25,85.32,87.61,39.58,,22.95,29.39,21.21,11,5
16.066,9/14/2016,2,4,131,59.19,91.37,93.66,41.62,,24.09,41.21,22.19,13,13
16.0661,9/14/2016,2,2,127,58.39,89.05,91.95,42.41,,22.22,42.17,22.46,13,12
16.0662,9/14/2016,2,2,118,57.29,87.94,90.39,41.87,,23.73,39.72,21.83,12,10
16.0663,9/14/2016,2,4,152,62.27,93.58,96.37,43.36,,25.12,43.47,23.24,15,15
16.0664,9/20/2016,2,2,17,30.6,47.56,49.68,21.12,,8.6,20.34,10.47,1,1
16.0665,9/20/2016,1,3,39,39.21,62.49,65.41,29.66,15.11,,29.53,15.21,4,4
16.0666,9/20/2016,2,2,47,43.9,66.69,68.03,30.55,,15.42,31.12,15.86,5,5
16.0667,9/20/2016,2,2,120,60.25,92.39,95.2,44.14,,24.08,44.36,23.45,13,13
16.0668,9/20/2016,2,3,85,57.42,89,91.6,,,23.54,24.6,11.65,,2
16.0669,9/20/2016,2,2,134,59.15,91.54,94.53,43.29,,25.61,42.44,21.66,14,14
16.067,9/20/2016,1,2,53,46.91,72.83,76.08,36.43,19.27,,,,7,
16.0671,9/20/2016,1,2,128,57.27,92.05,96.09,42.76,21.31,,46.68,25.23,12,17
16.0672,9/20/2016,2,2,47,46.84,72.86,75.8,,,17.05,32.97,17.27,,5
16.0673,9/20/2016,2,4,133,59.42,91.39,94.55,43.24,,25.22,42.65,22.24,13,13
16.0674,9/20/2016,2,3,129,59.29,91.26,94.46,42.48,,24.06,42.43,22.14,12,12
16.0675,9/21/2016,2,4,122,58.73,91.94,93.77,40.73,,24.27,40.36,22.08,11,11
16.0676,9/21/2016,1,2,84,53.45,84.47,87.44,41.67,22.48,,,,12,
16.0677,9/21/2016,2,2,66,47.18,72.41,75.33,33.3,,17.72,33.38,17.71,6,6
16.0678,9/21/2016,2,3,123,57.61,88.7,91.17,43.2,,23.86,42.6,22.14,12,12
16.0679,9/21/2016,2,4,116,58.25,88.58,91.5,,,22.46,41.07,22.27,,13
16.068,9/21/2016,2,3,130,58.36,92.31,95.59,43.19,,23.34,42.74,22.62,13,13
16.0681,9/21/2016,2,2,62,47.79,73.49,76.95,35.76,,17.99,,18.59,7,
16.0682,9/21/2016,2,2,108,58.59,87.97,92,41.45,,23.03,40.25,20.55,11,10
16.0683,9/21/2016,2,3,125,57.74,90.37,93.09,41.86,,23.98,41.08,22,12,12
16.0684,9/21/2016,2,4,116,57.51,87.8,89.85,40.95,,22,40.65,21.18,13,12
16.0685,9/21/2016,2,4,110,59.45,90.9,94.18,,,23.25,34.4,18.37,,9
16.0686,9/21/2016,2,3,113,58.18,89.99,92.64,39.19,,22.08,40.63,22.13,10,12
16.0687,9/21/2016,2,4,123,58.17,89.64,92.28,41.19,,23.7,42.27,22.74,13,13
16.0688,9/21/2016,2,2,116,58.59,88.89,92.36,43.95,,22.13,42.81,22.57,11,12
16.0689,9/21/2016,2,3,116,58.11,90.26,93.15,41.94,,22.61,42.09,21.82,13,14
16.069,9/21/2016,2,2,130,63.03,98.84,101.91,46.69,,25.77,45.89,24.43,15,15
16.0691,9/21/2016,2,2,120,56.85,88.62,91.42,40.57,,22.81,40.37,21.19,12,11
16.0692,9/22/2016,2,2,131,60.27,92.16,96.49,40.88,,23.98,43.89,22.95,11,13
16.0693,9/22/2016,2,2,115,57.18,91.11,93.97,42.72,,21.79,34.72,23.59,14,7
16.0694,9/22/2016,2,3,112,58.1,91.64,94.06,40.89,,24.44,40.72,22.03,12,12
16.0695,9/22/2016,2,2,82,57.34,88.2,91.09,41.88,,22.67,41.47,21.95,10,11
16.0696,9/22/2016,2,2,100,58.44,89.7,91.7,43.25,,22.65,31.44,22.63,11,4
16.0697,9/22/2016,2,3,98,57.33,88.17,90.3,41.08,,24.64,,21.21,12,
16.0698,9/22/2016,2,4,103,60.14,92.53,94.73,,,25.68,,,,
16.0699,9/22/2016,2,3,115,58.89,89.9,92.69,40.4,,23.81,43.05,23.21,11,13
16.07,9/22/2016,2,2,86,57,87.54,90.23,37.28,,23.07,39.48,21.53,10,10
16.0701,9/22/2016,2,3,101,58.18,87.62,89.38,,,23.65,33.51,15.53,,6
16.0702,10/17/2016,2,3,123,59.57,91.91,94.85,43.97,,25.98,43.46,23.07,13,14
16.0703,10/17/2016,2,2,105,56.52,86.7,89.31,40.38,,21.52,39.91,21.16,10,11
16.0704,10/17/2016,2,3,72,50.88,78.19,81.18,35.12,,19.56,28.17,14.43,7,4
16.0705,10/17/2016,2,4,106,56.84,86.42,88.42,,,22.36,39.29,21.2,,12
16.0706,10/17/2016,2,2,49,43.57,64.92,67.46,30.11,,15.51,29.98,16.16,5,4
16.0707,10/17/2016,2,2,57,48.59,74.5,76.96,35.17,,16.81,34.12,18.29,7,7
16.0708,10/17/2016,2,2,40,39.45,61.35,63.19,28.14,,13.51,28.55,14.68,4,4
16.0709,10/17/2016,1,2,,21.59,33.69,33.72,13.99,6.31,,14.37,6.67,,
16.071,10/17/2016,2,2,14.9894,29.71,45.19,46.12,20.66,,8.09,20.51,10.52,1.7532,1.71
16.0711,10/17/2016,2,2,10.7484,27.41,41.46,42.45,,,7.52,17.53,9.09,,1.0508
16.0712,10/17/2016,1,1,8.2493,24.38,37.05,38.72,15.99,8.56,,16.33,8.59,0.8139,0.8065
16.0713,10/17/2016,2,2,8.7226,24.29,36.82,38.17,17.16,,6.51,16.89,8.72,0.8731,0.8799
16.0714,10/17/2016,1,2,56,45.66,70.75,73.82,34.29,18.77,,28.78,14.18,7,4
16.0715,10/17/2016,1,2,50,42.32,66.78,68.49,31.38,17.02,,31.02,16.64,5,5
16.0716,10/17/2016,1,3,60,47.24,72.91,75.98,33.21,18.04,,34.63,18.84,7,7
16.0717,10/17/2016,1,3,86,52.85,81.51,84.3,38.04,19.48,,41.36,21.98,9,11
16.0718,10/17/2016,1,3,42,39.81,63.88,65.74,30.67,16.8,,,,6,
16.0719,10/17/2016,1,2,4.8149,20.57,31.15,32.42,,,,13.68,7.19,,0.5057
16.072,10/28/2016,2,4,142,64.05,99.28,102.1,,,25.28,43.2,23.8,,14
16.0721,10/28/2016,2,2,143,62.75,95.56,98.61,46.28,,24.67,45.81,23.28,14,14
16.0722,10/28/2016,2,4,147,63.22,99.1,103.23,46.42,,26.37,,24.22,16,
16.0723,10/28/2016,2,2,156,67.65,103.86,107.78,,,28.82,48.75,25.03,,18
16.0724,10/28/2016,2,2,72,49.23,76.5,79.5,35.3,,18.94,35.16,18.25,7,7
16.0725,10/28/2016,2,3,120,58.22,91.16,94.86,41.82,,21.23,41.67,22.61,11,12
16.0726,10/28/2016,2,4,171,64.83,100.83,102.67,44.91,,28.15,43.14,24.18,17,15
16.0727,10/28/2016,2,2,66,46.34,73.49,75.21,32.7,,17.59,32.67,16.72,6,6
16.0728,10/28/2016,2,2,64,47.58,75.53,77.9,35.05,,17.46,,17.79,7,
16.0729,10/28/2016,2,2,112,55.35,84.48,87.93,38.63,,22.14,38.08,20.55,10,10
16.073,10/28/2016,2,2,140,62.38,98.25,100.9,44.63,,25.53,43.03,22.74,13,12
16.0731,10/28/2016,2,3,187,67.13,103.69,106.23,50.09,,26.19,49.62,25.6,18,19
16.0732,10/28/2016,2,3,127,62.58,95.62,98.92,,,25.38,45.89,24.37,,14
16.0733,10/28/2016,2,2,155,64.04,98.35,100.48,44.35,,26.13,44.72,24.3,15,15
16.0734,10/28/2016,2,4,164,65.05,100.35,102.19,46.16,,26.75,47.56,24.61,17,17
16.0735,10/28/2016,2,3,156,63.34,97.93,100.45,45.33,,27.38,44.23,23.72,14,14
16.0736,10/28/2016,2,4,146,61.77,96.87,100.13,44.59,,25.1,43.9,24.53,15,15
16.0737,10/28/2016,2,4,145,61.7,96.85,99.93,41.08,,27.54,41.08,21.64,13,13
16.0738,10/28/2016,2,2,181,66.32,104.78,107.9,46.88,,28.91,47.23,25.19,18,18
16.0739,10/28/2016,2,3,178,65.94,102.45,106.16,47.67,,29.39,47.45,24.45,17,17
16.074,11/8/2016,2,4,140,61.43,96.91,98.79,43.19,,24.71,43.44,23.03,15,15
16.0741,11/8/2016,2,3,119,57.11,89.21,92.97,38.29,,21.97,39.02,21.91,12,12
16.0742,11/8/2016,2,3,187,66.88,105.15,108.16,49.34,,28.37,48.68,25.83,19,19
16.0743,11/8/2016,2,4,108,58.38,90.15,92.9,,,24.28,40.34,21.55,,12
16.0744,11/8/2016,2,3,160,65.09,101.87,105.43,45.69,,26.93,45.57,24.32,16,16
16.0745,11/8/2016,2,2,141,61.7,96.08,99.06,43.48,,25.47,43.11,22.32,12,13
16.0746,11/8/2016,2,3,129,60.73,94.08,97.13,46.53,,24.11,44.61,22.53,14,14
16.0747,11/8/2016,2,3,154,62.18,96.35,100.42,44.26,,26.67,42.02,24.41,16,15
16.0748,11/8/2016,2,3,132,59.34,92.28,95.52,40.03,,22.09,41.34,22.78,12,12
16.0749,11/8/2016,2,4,126,59.22,90.31,93.64,40.34,,25.98,40.47,21.71,12,12
16.075,11/8/2016,2,3,127,59.69,91.4,94.42,43.36,,25.4,42.42,22.36,13,13
16.0751,11/8/2016,2,4,172,65.65,101.02,104.28,46.85,,26.92,46.5,24.53,16,16
16.0752,11/8/2016,2,3,127,59.39,90.51,93.29,40.52,,24.41,39.8,21.34,12,12
16.0753,11/8/2016,2,3,167,64.63,100.77,103.81,43.03,,27.04,46.84,25.44,15,18
16.0754,11/8/2016,2,3,174,66.31,100.22,103.76,48.53,,27.12,48.07,25.17,17,18
16.0755,11/16/2016,2,4,119,58.05,89.17,91.24,39.09,,23.6,38.56,21.24,10,10
16.0756,11/16/2016,2,3,140,64.18,98.35,101.15,47.5,,25.38,,24.79,16,
16.0757,11/16/2016,2,3,149,64.77,99.54,102.61,45.36,,26.92,45.11,22.8,15,15
16.0758,11/16/2016,2,2,148,63.55,99.41,102.19,46.56,,26.5,46.05,23.61,15,15
16.0759,11/16/2016,2,3,156,63.1,97.6,100.66,45.72,,25.86,45.56,24.03,15,15
16.076,11/16/2016,2,3,63,46.37,72.95,75.16,33.6,,15.94,32.19,16.74,6,6
16.0761,11/16/2016,2,3,104,54.28,84.16,87.13,36.96,,23.25,37.28,20.08,9,10
16.0762,11/16/2016,2,4,114,57.07,88.23,90.43,38.79,,22.97,37.53,20.39,11,10
16.0763,11/16/2016,2,3,112,59.08,89.49,92.01,22.05,,23,40.36,21.77,2,12
16.0764,11/17/2016,2,2,169,66.44,103.42,107.71,49.28,,25.16,46.99,23.67,17,15
16.0765,11/17/2016,2,4,197,70.53,107.34,110.22,49.59,,31.27,49.09,26.17,19,19
16.0766,11/17/2016,2,3,154,65.57,100.05,104.4,47.96,,27.64,47.5,25.14,16,16
16.0767,11/17/2016,2,4,158,64.82,100.38,103.68,30.28,,26.33,44.88,25,5,17
16.0768,11/17/2016,2,2,171,65.91,100.13,103.64,46.31,,25.82,46.12,24.43,16,16
16.0769,11/17/2016,2,2,141,61.41,96.13,99.72,46.33,,26.46,44.23,22.77,15,14
16.077,11/17/2016,2,3,118,57.03,89.9,93.67,42.77,,21.4,43.32,23.04,13,14
16.0771,11/17/2016,2,3,152,62.38,98.66,101.13,44.88,,25.19,44.7,23.68,14,14
16.0772,12/5/2016,2,4,125,59.1,91.72,94.31,39.39,,25.64,39.68,21.62,12,12
16.0773,12/5/2016,2,3,93,52.75,80.06,82.41,34.94,,20.84,34.62,18.87,8,8
16.0774,12/5/2016,2,3,53,43.49,67.92,69.66,31.63,,14.51,25.9,13.65,5,3
16.0775,12/6/2016,2,4,128,62.13,95.4,97.84,40.07,,24.95,,22.1,13,
16.0776,12/6/2016,2,3,126,60.1,92.83,95.95,40.68,,24.93,40.65,22.33,12,12
16.0777,12/6/2016,2,3,121,59.16,90.92,94.27,40.78,,24.49,40.66,21.82,12,12
16.0778,12/6/2016,2,3,163,63.14,97.99,100.96,45.12,,25.19,43.55,22.78,15,14
16.0779,12/6/2016,2,4,160,64.24,98.36,101.26,43.79,,26.08,44.27,23.82,14,16
16.078,12/6/2016,2,3,178,65.07,100.31,103.49,46.84,,28.21,46.66,24.4,18,17
16.0781,12/6/2016,2,3,121,61.56,93.69,96.09,,,28.26,44.26,23.43,,14
16.0782,12/6/2016,2,3,181,65.07,100.31,103.19,47.48,,27.73,47.61,25.56,19,19
16.0783,12/6/2016,2,2,190,67.71,105.07,107.74,50.07,,29.18,35.19,17.67,19,9
16.0784,12/6/2016,2,2,125,60.15,93.02,96.8,41.97,,24.04,41.96,22.61,12,19
16.0785,12/6/2016,2,4,192,67.89,103.14,106.31,47.3,,27.51,47.98,26,18,19
16.0786,12/6/2016,2,4,120,58.73,89.04,91.05,38.08,,23.1,38.46,20.96,11,11
16.0787,12/6/2016,2,3,185,67.36,107.56,110.13,48.59,,28.2,48.68,25.87,18,19
16.0788,12/6/2016,2,3,190,65.65,101.39,105.99,47.13,,26.12,46.65,25.63,18,18
16.0789,12/6/2016,2,4,140,59.08,92.8,96.59,41.02,,25.57,40.58,22.24,12,13
16.079,12/6/2016,2,3,112,57.65,88.92,91.43,,,22.92,35.82,18.72,,9
16.0791,12/7/2016,2,3,179,67.62,106.36,111.66,49.48,,28.22,49.57,26.95,20,20
16.0792,12/7/2016,2,3,151,63.56,99.45,102.34,,,27.02,45.14,23.95,,17
16.0793,12/7/2016,2,2,181,66.06,102.11,105.19,47.14,,26.96,46.7,25.61,18,17
16.0794,12/7/2016,2,3,141,59.57,92.75,95.51,40.92,,25.04,39.94,21.9,13,12
16.0795,12/7/2016,2,3,162,62.22,99.01,101.33,43.77,,26.73,42.7,23.07,14,14
16.0796,12/7/2016,2,3,136,59.44,92.99,96.15,41.89,,23.37,41.98,22.88,13,13
16.0797,12/7/2016,2,4,205,69.27,105.34,109.26,47.69,,28.73,50.32,27.9,19,21
16.0798,12/7/2016,2,3,172,65.01,100.45,104.09,44.44,,25.75,43.95,24.08,15,15
16.0799,12/7/2016,2,2,132,59,92.53,94.91,43.26,,25.4,43.3,22.71,13,12
16.08,12/7/2016,2,3,169,63.97,98.31,101.94,45.72,,27.1,45.24,24.56,16,15
16.0801,12/7/2016,2,3,137,59.44,91.93,95.2,42.22,,23.22,41.9,22.26,3,13
16.0802,12/7/2016,2,4,137,61.68,96.06,98.87,,,26.21,43.33,23.04,,13
16.0803,12/7/2016,2,3,141,60.81,94.08,98.21,43.21,,25.12,42.14,23.15,13,14
16.0804,12/7/2016,2,4,178,65.93,101.22,103.38,45.19,,27.67,45.79,24.63,18,19
16.0805,12/7/2016,2,3,139,60.02,95.61,97.88,42.64,,23.88,41.15,22.63,12,12
16.0806,12/9/2016,2,2,116,57.96,89.53,92.35,43.59,,24.38,43.61,22.18,10,10
16.0807,12/9/2016,2,2,58,45.55,70.56,72.89,31.54,,15.82,31.49,17.29,6,6
16.0808,12/9/2016,2,3,81,49.73,75.56,78.12,34.13,,18.57,33.72,17.7,7,7
16.0809,12/9/2016,2,3,200,67.42,105.25,108.67,47.26,,28.61,47.24,25.61,18,19
16.081,12/9/2016,2,3,209,66.95,105.7,108.25,48.77,,26.3,47.94,25.86,19,20
16.0811,12/9/2016,2,3,118,57.07,86.42,90.19,41.09,,22.39,39.37,19.78,11,11
16.0812,12/9/2016,2,3,68,47.46,71.56,73.49,31.8,,17.36,31.83,17.01,6,6
16.0813,12/9/2016,2,2,72,51.61,79.78,82.58,38.13,,21.87,37.88,19.33,6,7
16.0814,12/9/2016,2,3,91,52.06,80.41,83.61,35.91,,20.21,35.34,19.69,8,8
16.0815,12/9/2016,2,4,140,60.64,93.41,96.17,40.31,,24.48,39.94,22.57,12,13
16.0816,12/9/2016,2,3,68,47.9,73.21,75.81,30.79,,17.63,30.95,17.21,6,6
16.0817,12/9/2016,2,2,66,46.27,71.33,73.78,31.49,,16.26,31.55,16.79,5,5
16.0818,12/9/2016,2,2,89,50.64,79.61,81.84,33.09,,19.23,34.38,18.48,7,8
17.0001,5/18/2017,2,4,162,59.98,91.68,94.64,41.27,,24.91,40.89,21.89,12,12
17.0002,5/18/2017,2,1,168,63.33,96.83,99.72,45.14,,26.21,45.62,23.77,14,14
17.0003,5/18/2017,2,1,172,64.55,100.6,104.01,47.3,,26.81,46.81,25.01,16,16
17.0004,5/18/2017,2,2,169,63.34,98.16,100.82,48.65,,26.48,45.57,26.25,19,19
17.0005,5/18/2017,2,3,148,58.69,91.38,92.86,35.21,,22.97,41.47,22.29,7,12
17.0006,5/18/2017,2,2,188,66.29,101.94,104.75,47.4,,27.71,47.08,25.26,16,16
17.0007,5/18/2017,2,1,183,65.06,100.35,103.54,48.26,,27.02,47.64,25.77,17,17
17.0008,5/18/2017,2,1,149,61.1,94.12,97.5,43.93,,25.16,43.88,23.78,14,14
17.0009,5/18/2017,2,4,165,62.18,96.84,100.2,43.72,,24.6,38.46,22.95,14,14
17.001,5/18/2017,2,1,162,60.81,94.82,97.35,45.05,,25.4,45.26,23.71,14,15
17.0011,5/18/2017,2,4,174,63.4,98.67,102.21,43.31,,27.49,43.7,24.22,14,15
17.0012,5/18/2017,2,1,147,61.82,95.74,98.84,44.19,,26.05,44.18,23.82,15,15
17.0013,5/18/2017,2,3,155,61.59,94.87,97.17,41.75,,25.16,40.73,21.46,12,12
17.0014,5/18/2017,2,1,158,61.94,94.63,97.89,46.02,,24.76,45.54,23.74,15,14
17.0015,5/18/2017,2,1,126,61.45,95.65,98.1,41.78,,25.11,44.34,23.05,10,10
17.0016,5/18/2017,2,1,27,34.6,52.09,54.33,24.31,,11.15,23.51,11.82,3,2
17.0017,5/18/2017,1,2,20,31.31,49.06,50.86,22.64,11.36,,22.3,11.71,2,2
17.0018,5/18/2017,1,1,42,39.71,60.68,62.43,28.04,15.45,,28.09,15.6,2,2
17.0019,5/19/2017,2,2,153,63.21,96.5,101.95,46.65,,27.44,45.93,23.16,15,16
17.002,5/19/2017,2,1,202,66.81,105.91,108.72,49.09,,28.26,48.59,24.75,20,19
17.0021,5/19/2017,2,2,165,62.12,96.87,99.67,45.15,,26.86,43.95,23.76,17,17
17.0022,5/19/2017,2,1,129,59.83,92.21,94.57,43.68,,25.04,43.7,22.56,12,12
17.0023,5/19/2017,2,2,140,61.09,94.44,97.21,42.36,,24.25,41.64,22.14,12,13
17.0024,5/19/2017,2,1,175,67.25,105.63,108.59,49.9,,26.16,,27.34,21,
17.0025,5/19/2017,2,1,189,65.5,101.32,104.57,49.4,,27.25,48.62,25.77,20,18
17.0026,5/19/2017,2,2,159,61.21,96.05,99.36,44.29,,24.17,44.32,24.04,15,15
17.0027,5/19/2017,2,1,143,60.68,92.93,96.44,44.41,,25.97,44.46,23.07,13,14
17.0028,5/19/2017,2,2,202,68.97,107,110.32,49.24,,32.35,49.81,24.97,18,18
17.0029,5/19/2017,2,2,202,67.14,104.49,107.37,48.39,,29.73,47.22,24.76,18,18
17.003,5/19/2017,2,1,148,62.09,95.46,99.34,46.45,,25.51,45.95,24.16,16,15
17.0031,5/19/2017,2,1,168,65.69,101.1,104.71,47.59,,27.45,45.82,23.12,17,15
17.0032,5/19/2017,2,2,205,68.37,103.76,106.81,48.39,,28.71,47.97,25.87,19,19
17.0033,5/19/2017,2,2,208,69.24,107.46,111.67,50.55,,26.86,48.53,24.68,20,20
17.0034,5/19/2017,2,2,178,66.98,103.14,107.52,48.41,,27.33,44.3,20.88,18,14
17.0035,5/19/2017,2,1,155,61.55,94.4,97.94,45.48,,25.91,44.46,24.2,15,15
17.0036,5/19/2017,2,1,182,64.49,100.42,104.14,47.44,,27.54,46.98,24.82,16,17
17.0037,5/19/2017,2,1,188,66.19,106.39,109.66,46.39,,28.02,46.82,25.04,17,17
17.0038,5/19/2017,2,2,167,62.28,97.55,100.98,46.07,,26.64,45.58,23.89,15,15
17.0039,5/19/2017,2,1,188,64.94,100.3,103.09,46.17,,26.69,45.58,24.18,17,17
17.004,5/19/2017,2,2,154,62.97,96.78,100.91,47.35,,24.36,45.68,24.47,16,17
17.0041,5/19/2017,2,2,151,62.58,94.87,98.01,43.28,,26.9,43.47,22.63,13,13
17.0042,5/19/2017,1,2,326,73.14,117.7,122.16,68.65,38.91,,68.97,39.74,57,56
17.0043,5/19/2017,1,3,296,72.97,117.83,122.59,63.39,36.98,,63.36,36.87,50,49
17.0044,5/19/2017,1,2,284,72.33,115.13,120.35,66.36,38.07,,68.06,38.47,49,51
17.0045,5/19/2017,1,4,372,78.15,128.6,132.45,71.93,40.48,,69.88,37.78,63,58
17.0046,5/19/2017,1,4,447,81.3,131.04,135.54,73.96,44.93,,74.49,44.87,81,82
17.0047,5/19/2017,1,2,318,75.33,120.62,124.18,66.86,37.66,,66.35,37.35,51,52
17.0048,5/19/2017,1,2,431,78.63,129.48,133.5,74.5,42.01,,74.38,42.03,69,69
17.0049,5/19/2017,1,3,319,74.1,118.2,123.17,68.36,39.14,,68.2,38.73,56,56
17.005,5/19/2017,1,3,312,73.34,121.7,125.7,66.51,38.52,,64.18,35.78,54,49
17.0051,5/19/2017,1,4,322,75.4,122.91,126.22,65.46,37.86,,64.32,37.29,55,56
17.0052,5/19/2017,1,3,268,71.66,115.79,119.06,64.95,36.84,,61.77,32.54,46,38
17.0053,5/19/2017,1,3,589,92.19,150.48,153.58,82.22,46.06,,67.68,36.97,93,57
17.0054,5/19/2017,1,4,350,78.7,126.99,129.29,68.45,38.47,,69.69,40.26,60,58
17.0055,5/19/2017,1,4,315,74.45,122.09,123.78,62.56,37.16,,64.27,37.69,50,51
17.0056,5/19/2017,1,3,367,77.69,127.73,132.26,72.82,42.38,,71.86,41.79,65,62
17.0057,5/19/2017,1,3,328,73.99,122.25,126.57,66.72,38.58,,67.84,38.53,56,55
17.0058,5/19/2017,1,4,371,79.44,125.49,128.92,66.13,38.11,,65.55,38.93,54,57
17.0059,5/19/2017,1,3,379,82.06,133.68,137.87,,,,73.87,41.91,,76
17.006,5/19/2017,1,2,306,73.78,117.14,121.66,65.73,38,,63.38,36.79,54,51
17.0061,5/19/2017,1,3,362,74.9,121.67,126.83,66.8,39.58,,66.59,39.57,56,56
17.0062,5/19/2017,1,1,54,43.02,68.87,70.87,31.83,17.28,,31.55,16.99,6,6
17.0063,5/19/2017,1,3,358,73.93,118.52,122.51,68.55,39.58,,67.85,38.61,57,58
17.0064,5/19/2017,1,4,319,76.45,127.06,129.84,,,,69.28,39.33,,58
17.0065,5/19/2017,1,3,524,89.09,141.25,144.46,81.68,45.75,,81.66,45.58,89,88
17.0066,5/19/2017,1,2,337,77,124.12,127.98,65.28,38.51,,66.6,38.8,51,52
17.0067,5/19/2017,1,2,326,75.06,122.17,127.43,65.71,38.25,,66.14,37.95,51,53
17.0068,6/14/2017,2,2,113,55.08,85.63,88.26,39.58,,22.19,39.26,21.12,11,11
17.0069,6/14/2017,2,2,140,61.54,96.31,98.91,41.28,,25.31,40.04,22.93,13,123
17.007,6/14/2017,2,2,253,74.37,115.19,119.63,55.57,,32.89,54.46,29.71,27,27
17.0071,6/14/2017,2,2,224,72.84,111.03,114.32,51.46,,30.4,51.2,27.79,22,22
17.0072,6/14/2017,2,2,145,62.34,95.61,98.26,44.58,,24.98,44.26,23.5,15,15
17.0073,6/14/2017,2,1,44,45.47,67.46,69.35,,,16.72,31.66,17.08,,5
17.0074,6/14/2017,2,2,75,48.7,76.03,78.5,34.78,,17.3,34.74,17.54,7,7
17.0075,6/14/2017,2,1,168,69.6,110.79,114.28,44.84,,29.93,,22.21,14,
17.0076,6/14/2017,2,2,96,55.72,82.51,86.12,39.08,,20.93,38.46,19.39,9,9
17.0077,6/14/2017,2,1,222,71.98,112.66,117.07,53.66,,30.78,52.57,28.66,23,24
17.0078,6/14/2017,2,2,100,55.19,84.66,87.7,39.99,,20.75,39.93,20.85,10,10
17.0079,6/14/2017,2,1,122,60.9,94.37,97.59,42.98,,24.03,,22.91,13,
17.008,6/14/2017,2,2,101,56.36,87.36,89.97,37.9,,22.5,39.5,20.79,11,11
17.0081,6/15/2017,2,2,180,66.46,103.25,106.74,45.56,,28.76,44.92,24.84,16,17
17.0082,6/15/2017,2,2,98,54.51,84.76,87.68,37.07,,21.78,36.36,19.8,9,9
17.0083,6/15/2017,2,3,64,47.36,71.83,74.4,31.95,,16.95,31.9,16.98,6,6
17.0084,6/15/2017,2,2,51,44.98,69.34,71.59,30.15,,16.09,30.56,15.94,5,5
17.0085,6/15/2017,2,1,61,45.63,69.58,71.67,31.96,,15.84,31.83,16.23,6,5
17.0086,6/15/2017,2,1,58,44.87,68.94,72.27,31.12,,16.18,30.91,15.27,5,5
17.0087,6/15/2017,2,1,48,41.72,63.46,64.79,29.19,,15.11,28.89,15.18,4,4
17.0088,6/15/2017,2,1,48,41.94,63.57,65.92,29.99,,13.43,29.99,15.7,4,4
17.0089,6/15/2017,2,1,47,42.62,66.45,69.32,30.49,,15.18,16.86,8.12,5,1
17.009,6/15/2017,2,2,92,54.3,84.1,86.58,37.66,,21.73,37.52,19.38,8,8
17.0091,6/15/2017,2,1,194,68.18,105.65,108.62,48.47,,28.68,47.68,25.11,19,20
17.0092,6/15/2017,2,1,34,39.47,60.82,63.42,28.12,,13.77,28.64,14.34,4,4
17.0093,6/15/2017,2,2,50,43.04,66.9,68.22,28.11,,15.45,29.05,15.16,4,4
17.0094,6/15/2017,2,1,49,42.03,66.33,69.06,29.31,,14.82,29.2,15.63,4,4
17.0095,6/15/2017,2,2,125,57.76,89.67,92.37,39.89,,23.02,40.31,21.31,11,11
17.0096,6/15/2017,2,2,93,53.41,83.13,86.14,36.86,,20.75,36.76,20.12,9,10
17.0097,6/15/2017,2,4,118,58.22,89.31,91.59,39.03,,23.7,39.2,22.23,12,11
17.0098,6/15/2017,2,2,102,54.83,84.47,87.25,38.78,,21.6,38.7,19.71,10,10
17.0099,6/15/2017,2,2,160,65.36,103.39,107.17,47.86,,27.28,46.88,24.6,17,16
17.01,6/15/2017,2,1,49,43.1,66.36,68.55,30.38,,15.23,30.25,15.67,5,5
17.0101,6/15/2017,2,1,42,39.26,61.99,63.7,27.38,,12.54,28.04,14.62,4,4
17.0102,6/15/2017,2,1,212,66.8,105.51,108.12,52.46,,28.08,52,28.66,23,23
17.0103,6/15/2017,2,2,114,57.01,88.56,91.42,40.23,,22.98,40.32,21.16,10,11
17.0104,6/15/2017,2,1,155,62.76,96.21,98.74,45.96,,26.8,46.17,24.26,16,16
17.0105,6/15/2017,2,1,34,39.37,59.66,61,25.02,,13.44,24.98,13.01,3,3
17.0106,6/15/2017,2,2,92,51.66,79.73,81.95,35.5,,18.65,35.33,18.82,9,9
17.0107,6/15/2017,2,1,74,48.76,73.81,76.52,35.2,,17.95,34.86,17.97,7,7
17.0108,6/15/2017,2,2,151,62.27,94.29,96.87,44.01,,24.52,42.77,22.85,15,14
17.0109,6/15/2017,2,2,86,52.56,79.88,82.35,34.47,,20.95,35.84,19.32,8,8
17.011,6/16/2017,1,4,553,86.24,143.3,149.63,85.87,49.03,,85.04,49.1,102,103
17.0111,6/16/2017,1,3,410,81.21,131.96,137.13,73.46,41.1,,73.64,40.93,67,69
17.0112,6/16/2017,1,1,564,96.45,152.44,157.91,94.8,52.22,,,,129,
17.0113,6/16/2017,1,2,104,51.4,81.36,83.1,42.73,23.76,,42.55,23.62,15,14
17.0114,6/16/2017,1,2,83,47.66,77.51,80.04,39.86,21.13,,39.36,21.24,11,11
17.0115,6/16/2017,1,4,81,47.36,74.85,77.59,38.03,21.59,,37.88,21.61,10,11
17.0116,6/16/2017,1,2,95,51.1,80.31,82.6,42.19,23.62,,41.61,23.18,14,13
17.0117,6/16/2017,1,4,59,44.22,70.24,71.76,34.31,19.28,,34.04,19.32,9,8
17.0118,6/16/2017,1,1,28,35.79,55.73,58.23,25.32,13.22,,25.55,13.2,3,3
17.0119,6/16/2017,1,4,78,46.3,72.86,75.23,37.45,20.97,,37.11,21.09,11,10
17.012,6/16/2017,1,2,91,49.93,77.96,81.15,42.74,23.38,,42.66,23.5,13,13
17.0121,6/16/2017,1,4,69,45.18,72.17,74.09,36.92,20.71,,35.5,20.64,9,9
17.0122,6/16/2017,1,3,83,47.49,75.15,77.84,40.76,22.71,,39.97,22.88,12,13
17.0123,6/16/2017,1,1,104,53.72,86.54,89.77,43.26,23.23,,44.16,23.68,13,13
17.0124,6/16/2017,1,1,31,37.45,57.3,59.38,26.36,13.28,,27.03,14.04,3,3
17.0125,6/16/2017,1,1,34,38.39,60.12,63.03,28.45,14.15,,28.23,14.23,4,3
17.0126,6/16/2017,1,1,33,39.88,61.07,63.4,,,,29.62,15.25,,4
17.0127,6/16/2017,1,1,57,44.19,70.93,73.59,33.21,17.67,,32.61,17.85,6,6
17.0128,6/16/2017,1,2,72,48.47,75.95,78.57,37.22,19.7,,36.95,19.74,8,8
17.0129,6/16/2017,1,4,64,47.1,74.92,78.02,38.68,21.17,,27.17,13.92,10,4
17.013,6/16/2017,1,3,81,49,78.76,80.52,38.94,22.65,,37.75,22.85,12,12
17.0131,6/16/2017,1,4,84,48.95,75.09,77.56,38.55,21.91,,38.56,21.86,12,12
17.0132,6/16/2017,1,2,64,43.77,68.82,71.07,36.09,19.63,,35.44,19.63,9,9
17.0133,6/16/2017,1,3,80,47.71,76.26,79.32,37.14,20.11,,38.31,21.47,10,10
17.0134,6/16/2017,1,1,78,48.93,76.59,78.8,36.99,19.33,,36.53,19.02,8,8
17.0135,6/16/2017,1,4,90,50.53,78.72,81.19,38.24,20.6,,38.03,20.17,11,11
17.0136,6/16/2017,1,2,111,51.81,83.91,85.94,43.74,24.55,,43.49,24.67,15,15
17.0137,6/16/2017,1,1,77,48.72,74.62,77.79,38.62,21.61,,35.14,21.3,10,9
17.0138,6/16/2017,1,4,92,51.48,82.52,84.94,38.91,20.85,,42.38,24.07,12,14
17.0139,6/16/2017,1,4,63,44.62,70.85,72.73,34.36,18.66,,33.55,19.04,8,8
17.014,6/16/2017,1,4,88,51.22,81.88,84.27,41.38,22.4,,35.02,18.03,13,9
17.0141,6/16/2017,1,2,100,52.57,84.22,87.59,44.64,24.11,,43.96,24.22,16,16
17.0142,6/16/2017,1,4,60,46.58,72.94,75.02,21.54,10.77,,35.97,19.92,3,9
17.0143,6/16/2017,1,2,90,48.77,78.55,81.2,40.66,21.94,,40.89,22.26,12,12
17.0144,6/16/2017,1,1,83,51.21,80.41,83.31,40.7,21.62,,40.4,21.8,10,10
17.0145,6/16/2017,1,1,40,39.26,61.14,64.22,28.82,15.05,,28.64,14.85,4,4
17.0146,6/16/2017,1,2,75,46.49,73.28,74.82,37.39,21,,37.67,21.05,10,10
17.0147,6/16/2017,1,3,85,47.05,76.88,79.66,39.92,21.82,,39.11,22.12,12,11
17.0148,6/16/2017,1,1,27,34.07,52.81,54.95,25.53,13.13,,25.32,13.07,3,3
17.0149,6/16/2017,1,1,41,41.15,63.56,65.32,31.86,17.09,,,,5,
17.015,6/16/2017,1,2,66,46.98,72.98,76.38,36.13,19.41,,,,10,
17.0151,6/16/2017,1,1,53,44.2,68.07,70.53,32.6,16.92,,32.55,17.04,5,5
17.0152,6/16/2017,1,1,34,38.11,59.16,61.55,24.76,12.8,,28.25,15.11,3,4
17.0153,6/16/2017,1,1,32,38.01,60.63,62.83,28.93,14.67,,28.01,14.69,4,3
17.0154,6/16/2017,1,3,43,40.35,63.36,65.64,30.65,16.99,,30.9,16.99,6,6
17.0155,6/16/2017,1,4,84,49.09,76.52,78.43,37.31,19.57,,38.47,20.82,10,11
17.0156,6/16/2017,1,1,47,41.23,64.55,66.33,32.03,16.21,,31.53,16.35,5,5
17.0157,6/16/2017,1,1,24,33.33,50.38,51.94,23.09,12.08,,22.94,12.02,2,2
17.0158,6/16/2017,1,1,30,35.99,55.75,58.04,25.46,13.13,,24.77,13.19,3,3
17.0159,6/16/2017,1,3,41,41.7,67.39,68.87,31.53,17.56,,,,5,
17.016,6/16/2017,1,1,26,34.95,54.37,55.8,25.5,12.77,,25.27,12.83,3,3
17.0161,6/16/2017,1,2,117,53.09,84.26,86.85,45.55,25.15,,44.65,25.35,17,18
17.0162,6/16/2017,1,3,83,51.12,79.73,82.1,36.4,18.19,,39.63,21.62,9,11
17.0163,6/16/2017,1,2,119,53.08,85.91,88.37,44.06,24.58,,44.1,24.33,16,16
17.0164,6/16/2017,1,4,82,47.72,75.51,77.97,38.44,22.25,,38.19,22.49,11,12
17.0165,6/16/2017,1,4,74,46.78,75.43,77.28,37.06,20.41,,36.45,20.36,9,9
17.0166,6/16/2017,1,1,52,44.33,70.88,72.92,24.88,12.75,,33.94,18.32,3,7
17.0167,6/16/2017,1,1,45,41.92,64.9,66.91,32.67,17.53,,27.13,13.97,6,4
17.0168,6/16/2017,1,1,75,47.26,74.32,76.44,40.03,21.99,,39.72,22.17,11,10
17.0169,6/16/2017,1,1,58,46.26,73.07,75.93,33.87,17.95,,33.43,18.31,6,6
17.017,6/16/2017,1,3,73,47.44,74.61,76.5,37.37,21.31,,35.86,20.9,10,10
17.0171,6/16/2017,1,2,79,47.68,74.15,77.91,40.56,21.93,,40.7,21.83,11,11
17.0172,6/16/2017,1,1,118,53.39,85.48,88.17,48.43,26.91,,45.77,23.75,18,15
17.0173,6/16/2017,1,3,64,46.49,74.46,76.8,35.94,20.15,,,,9,
17.0174,6/16/2017,1,4,78,47.53,74.81,77.2,38.38,19.51,,37.88,20.76,10,10
17.0175,6/16/2017,1,1,23,33.82,51.23,53.38,24.03,12.2,,24.35,12.41,2,2
17.0176,6/16/2017,1,4,93,51.84,82.66,86.07,38.58,22.09,,37.85,22.07,12,12
17.0177,6/16/2017,1,2,98,50.86,79.94,83.21,42.45,24.35,,42.16,24.15,14,14
17.0178,6/16/2017,1,1,50,42.87,67.33,70.46,32.12,16.46,,32.01,16.49,5,5
17.0179,6/16/2017,1,1,42,40.56,63.89,66.7,29.38,14.75,,30.89,16.2,4,5
17.018,6/16/2017,1,1,29,37.59,58.15,60.11,17.33,8.56,,27.28,14.11,1,3
17.0181,6/16/2017,1,4,77,47.58,76.46,78.73,38.3,20.69,,37.97,20.92,10,10
17.0182,6/16/2017,1,2,75,49.67,78.88,81.76,39.61,20.92,,,,11,
17.0183,6/16/2017,1,4,56,44.25,70.27,72.51,34.38,18.96,,34.33,18.8,7,7
17.0184,6/16/2017,1,3,103,50.84,83.25,85.82,42.47,23.43,,41.49,22.28,14,13
17.0185,6/16/2017,1,3,56,43.24,69.08,71.1,33.28,18.48,,32.56,18.26,7,7
17.0186,6/16/2017,1,1,43,40.65,63.12,65.77,30.74,15.87,,30.49,15.68,5,5
17.0187,6/16/2017,1,1,27,34.28,54.56,56.81,25.83,13.29,,25.44,13.48,3,3
17.0188,6/16/2017,1,1,31,36.21,56.01,58.23,26.93,14.07,,26.33,13.83,3,3
17.0189,6/16/2017,1,1,22,31.58,48.09,50.44,21.57,10.67,,22.8,11.91,2,2
17.019,6/16/2017,1,1,25,34.07,53.63,55.7,25.08,12.53,,24.83,12.53,2,2
17.0191,6/16/2017,1,1,67,48.67,76.17,80.08,38.05,20.66,,37.8,20.99,9,8
17.0192,6/16/2017,1,4,80,49.32,78.65,80.35,40.27,22.04,,39.54,22.18,12,12
17.0193,6/16/2017,1,1,55,43.92,68.34,71.18,36.44,19.7,,,,8,
17.0194,6/16/2017,1,1,40,39.1,59.39,61.59,26.34,13.65,,29.36,15.33,3,4
17.0195,6/16/2017,1,3,62,43.89,69.74,71.94,35.16,19.93,,34.39,19.44,8,8
17.0196,6/16/2017,1,1,66,45.81,71.57,73.49,26.34,13.4,,38.59,21.02,3,9
17.0197,6/16/2017,1,1,35,38.04,58.1,59.73,,,,28.55,14.85,,4
17.0198,6/16/2017,1,1,33,36.25,56.37,58.04,24.54,12.63,,26.15,14.01,3,3
17.0199,6/16/2017,1,1,33,37.09,57.05,58.89,25.04,13.73,,26.12,13.83,3,3
17.02,6/16/2017,2,1,32,36.23,55.67,57.51,25.72,,11.32,25.81,12.93,3,3
17.0201,6/16/2017,2,1,38,38.74,59.61,61.79,27.17,,12.94,26.47,13.9,3,3
17.0202,6/16/2017,2,2,132,59.6,91.6,94.51,43.77,,24.44,44.09,22.86,13,13
17.0203,6/16/2017,2,1,45,41.28,63.11,65.42,28.51,,14.11,28.06,15.08,4,4
17.0204,6/16/2017,2,1,53,44.21,67.98,70.89,30.22,,16.05,29.73,15.57,5,4
17.0205,6/16/2017,2,2,44,43.12,65.97,68.13,,,14.43,29.39,15.91,,5
17.0206,6/16/2017,2,1,41,39.89,60.63,63.19,27.14,,13.07,27.84,14.45,4,4
17.0207,6/16/2017,2,1,36,37.82,58.57,60.96,26.28,,12.59,26.3,13.26,3,3
17.0208,6/16/2017,2,2,99,52.99,82.47,84.08,37.2,,20,37.3,18.1,8,8
17.0209,6/16/2017,2,1,77,52.91,81,83.36,,,20.37,37.14,19.54,,8
17.021,6/16/2017,2,2,30,35.2,55.29,56.91,24.62,,11.82,24.48,13.08,3,3
17.0211,6/16/2017,2,1,29,35.66,54.64,56.96,24.71,,11.45,24.59,12.44,2,2
17.0212,6/16/2017,2,2,48,42.38,64.79,66.61,28.32,,14.76,27.74,15.29,4,5
17.0213,6/16/2017,2,2,49,42.64,65.94,67.97,29.4,,15.4,28.85,15.73,4,5
17.0214,6/16/2017,2,1,41,41.37,64.02,65.63,26.92,,12.72,29.45,14.97,3,4
17.0215,6/16/2017,2,1,41,38.73,60.29,61.99,28.53,,12.62,28.23,14.84,4,4
17.0216,6/16/2017,2,1,49,43.68,66.34,68.19,31.33,,15.04,29.68,16.18,5,5
17.0217,6/16/2017,2,1,48,41.57,64.41,66.33,29.12,,14.11,28.88,15.31,4,4
17.0218,6/16/2017,2,1,58,44.94,68.73,71.54,32.99,,15.73,32.7,16.8,5,5
17.0219,6/16/2017,2,1,49,41.65,63.57,64.77,29.32,,14.78,29.95,15.63,4,4
17.022,6/16/2017,2,1,42,40.32,60.74,61.53,27.8,,13.73,27.66,14.78,4,4
17.0221,6/16/2017,2,1,42,41.03,63.01,65.56,28.48,,14.22,28.4,14.7,4,4
17.0222,6/16/2017,2,1,28,35.33,53.24,54.81,24.03,,11.61,23.93,12.5,2,2
17.0223,6/16/2017,2,1,32,36.52,56.26,58.19,25.99,,11.85,25.09,13.35,3,3
17.0224,6/16/2017,2,1,36,37.81,58.67,60.39,26.02,,13.86,26.2,13.98,3,3
17.0225,6/16/2017,2,1,34,37.79,57.13,59.43,26.47,,12.62,26.44,13.02,3,3
17.0226,6/16/2017,2,1,36,37.77,58.03,60.49,26.66,,12.12,26.49,13.9,3,3
17.0227,6/16/2017,2,2,60,45.85,70.73,72.61,31.26,,16.76,26.32,14.03,6,4
17.0228,6/16/2017,2,1,70,48.94,74.76,76.86,33.91,,17.81,33.35,17.49,7,6
17.0229,6/16/2017,2,1,45,41.18,62.74,65.32,27.95,,14.04,29.31,14.98,3,4
17.023,6/16/2017,2,2,65,46.87,72.03,73.99,32.59,,17.61,32.78,17.45,6,6
17.0231,6/16/2017,2,1,106,54.82,84.07,86.55,38.61,,21.35,38.58,20.22,9,10
17.0232,6/16/2017,2,2,82,51.62,78.91,81.43,35.33,,20.57,35.07,18.39,7,7
17.0233,6/16/2017,2,2,102,54.2,85.44,87.81,37.77,,22.42,37.79,20.72,10,10
17.0234,6/16/2017,2,2,85,50.72,78.64,81.68,32.37,,18.56,33.95,18.02,6,7
17.0235,6/16/2017,2,1,65,47.33,72.14,74.45,33.4,,17.37,33.27,17.23,6,6
17.0236,6/16/2017,2,2,88,50.59,79.95,81.77,35.36,,19.24,37.14,19.6,8,8
17.0237,6/16/2017,2,2,77,49.12,75.15,77.28,33.72,,18.53,33.75,17.77,6,7
17.0238,6/16/2017,2,2,76,48.92,75.63,77.98,33.52,,18.79,34.77,18.02,6,7
17.0239,6/16/2017,2,2,113,56.31,86.54,88.63,38.76,,21.49,39.18,21.35,10,10
17.024,6/16/2017,2,2,161,62.85,98.02,100.82,45.14,,26.51,45.21,24.17,16,15
17.0241,6/16/2017,2,2,102,54.03,82.76,85.23,38.26,,21.5,38.18,20.06,9,9
17.0242,6/16/2017,2,1,110,55.51,85.74,88.89,41.33,,22.34,40.88,21.24,11,11
17.0243,6/16/2017,2,2,130,58.62,91.15,93.72,40.58,,24.71,40.24,21.39,12,12
17.0244,6/16/2017,2,1,102,54.23,82.04,84.82,38.91,,21.55,37.62,19.01,9,8
17.0245,6/16/2017,2,1,95,53.69,82.78,85.62,38.53,,19.96,38.13,19.99,8,8
17.0246,6/16/2017,2,2,127,60.14,94.21,97.22,,,24.09,43.32,24.07,,14
17.0247,6/16/2017,2,1,91,51.48,79.12,81.17,36.52,,19.49,36.99,19.26,8,8
17.0248,6/16/2017,2,4,114,59.85,91.24,94.41,,,24.83,,,,
17.0249,6/22/2017,2,1,151,62.94,100.71,103.9,45.71,,26.3,45.21,24.34,16,15
17.025,6/22/2017,2,2,147,62.32,97.98,101.08,44.69,,22.6,44.33,23.18,15,15
17.0251,6/22/2017,2,2,196,67.77,105.28,109.59,49.77,,29.48,47.53,26.8,20,21
17.0252,6/22/2017,2,1,136,61.89,94.29,98.69,44.85,,24.85,44.42,23.17,13,14
17.0253,6/22/2017,2,1,138,60.11,94.21,96.25,42.44,,24.54,41.77,21.85,12,13
17.0254,6/22/2017,2,2,185,68.31,105.42,109.19,49.47,,27.91,49.11,24.95,20,19
17.0255,6/22/2017,2,2,117,57.6,87.33,89.58,40.68,,23.1,39.81,21.4,11,11
17.0256,6/22/2017,2,1,182,67.8,103.8,106.64,47.83,,27.71,46.93,25.18,18,17
17.0257,6/22/2017,2,1,163,64.78,101.38,103.86,46.02,,27.47,45.82,24.39,16,16
17.0258,6/22/2017,2,1,30,36.73,57.35,59.58,26.67,,11.5,26.47,13.6,3,3
17.0259,6/22/2017,2,2,126,62.36,95.86,99.05,45.94,,26.86,,24.18,15,
17.026,6/22/2017,2,1,162,64.1,101.54,105.53,47.48,,28.13,46.95,24.44,16,17
17.0261,6/22/2017,2,1,119,58.12,92.79,94.87,42.93,,24.02,40.37,20.73,12,11
17.0262,6/22/2017,2,1,154,65.67,101.9,105.69,49.55,,28.76,,26.2,19,
17.0263,6/22/2017,2,1,140,61.81,95.05,98.71,44.27,,25.81,44.54,22.91,15,15
17.0264,6/22/2017,2,2,155,64.02,97.79,100.45,45.87,,24.55,45.97,24.55,18,18
17.0265,6/22/2017,2,1,182,69.27,106.8,109.93,49.73,,29.69,49.38,26.11,19,19
17.0266,6/22/2017,2,2,50,42.99,66.3,68.26,,,15.29,29.3,14.63,,4
17.0267,6/22/2017,2,3,139,63,98.34,101.26,,,26.73,43.79,22.4,,15
17.0268,6/22/2017,2,1,152,63,98.58,102.33,45.47,,26.49,43.82,23.87,15,15
17.0269,6/22/2017,2,1,130,58.93,89.58,92.27,41.34,,25.48,40.56,22.44,13,13
17.027,6/22/2017,2,2,131,58.34,90.05,93.36,40.52,,25.08,40.07,22.12,13,12
17.0271,6/22/2017,2,2,160,65.66,100.93,104.55,47.21,,26.16,46.2,24.24,16,16
17.0272,6/22/2017,2,1,121,58.86,89.8,92.56,42.65,,23.78,42.56,23.26,13,14
17.0273,6/22/2017,2,1,141,59.04,92.04,95.17,42.68,,23.97,42.16,22.42,13,13
17.0274,6/22/2017,2,1,142,60.59,93.29,96.74,44.37,,24.77,44.03,23.74,14,15
17.0275,6/22/2017,2,1,150,61.92,97.51,100.5,44.4,,26.26,44.67,23.85,16,16
17.0276,6/22/2017,2,2,166,63.8,98.53,103.43,43.98,,25.99,46.37,23.71,15,16
17.0277,6/22/2017,2,2,136,62.9,96.39,99.84,,,26.37,45.8,24.73,5,17
17.0278,6/22/2017,2,1,48,46.24,69.27,71.7,33.11,,16.56,33.39,16.09,4,4
17.0279,6/22/2017,2,1,74,51.65,82.12,86.17,34.46,,20.58,36.75,17.59,6,6
17.028,7/10/2017,2,1,85,54.43,83.02,85.99,40.14,,22.89,39.95,21.06,7,7
17.0281,7/10/2017,2,2,162,66.29,102.73,105.62,47.41,,27.81,46.81,25.13,17,17
17.0282,7/10/2017,2,2,70,46.48,71.82,72.66,31.08,,17.06,32.06,16.47,5,6
17.0283,7/10/2017,2,4,168,65.83,100.7,103.96,45.75,,27.87,44.63,26.2,18,19
17.0284,7/10/2017,2,2,251,73.85,112.01,115.95,52.97,,33.67,55.01,30.23,25,27
17.0285,7/10/2017,2,1,91,52.36,80.03,82.01,30.99,,20.39,34.81,19.34,6,8
17.0286,7/10/2017,2,4,122,58.02,93.2,96.18,39.29,,24.01,38.82,21.52,11,11
17.0287,7/10/2017,2,2,197,69.14,105.57,108.81,51.3,,29.02,50.25,26.34,20,19
17.0288,7/10/2017,2,3,161,64.15,99.89,102.93,45.17,,25.36,47.2,24.81,16,17
17.0289,7/10/2017,2,2,92,52.26,79.87,82.74,36.81,,20.9,34.32,17.74,9,7
17.029,7/10/2017,2,2,131,60.74,93.74,96.78,41.57,,23.48,41.44,22.21,13,13
17.0291,7/10/2017,2,3,138,63.71,100.03,102.14,,,25.52,43.65,23.74,,14
17.0292,7/10/2017,2,1,30,37.9,59.27,61.45,27.49,,12.12,23.72,12.36,3,2
17.0293,7/10/2017,2,1,26,37.73,57.8,60.56,27.88,,12.16,,13.87,3,
17.0294,7/10/2017,2,2,127,59.57,93.53,96.22,44.11,,25.32,42.32,23.1,12,14
17.0295,7/10/2017,2,1,199,70.15,108.62,112.45,52.83,,31.33,52.43,28.26,22,22
17.0296,7/10/2017,2,4,204,69.32,108.24,109.78,48.21,,30.4,48.06,27.94,22,21
17.0297,7/10/2017,2,2,140,61.16,94.78,98.01,43.01,,25.68,42.82,22.85,13,13
17.0298,7/10/2017,2,1,104,57.59,89.67,92.28,40.52,,24.59,42.64,21.56,8,10
17.0299,7/10/2017,2,1,37,38.36,59.76,61.53,27.25,,12.36,27.49,14.18,3,3
17.03,7/11/2017,2,2,189,68.37,107.16,110.57,48.79,,28.1,44.28,24.39,20,17
17.0301,7/11/2017,2,2,146,60.96,93.95,96.4,42.71,,25.12,41.58,22.71,14,13
17.0302,7/11/2017,2,3,190,68.2,105.25,108.45,49.6,,28.54,50.18,26.48,20,21
17.0303,7/11/2017,2,2,131,61.91,95.78,98.86,44.6,,25.91,34.39,17.09,15,7
17.0304,7/11/2017,2,3,136,61.09,94.89,98.14,42.56,,25.42,41.71,22.58,3,13
17.0305,7/11/2017,2,3,209,66.81,102.81,105.32,49.17,,28.93,48.98,26.04,20,20
17.0306,7/11/2017,2,2,146,61.11,95.42,98.21,44.36,,24.97,44.54,23.46,14,14
17.0307,7/11/2017,2,1,153,63.42,97.34,99.71,44.58,,25.97,43.74,23.77,15,15
17.0308,7/11/2017,2,2,150,62.54,96.16,98.92,44.7,,26.61,44.49,24.01,14,14
17.0309,7/11/2017,2,2,168,66.65,102.63,104.74,47.46,,27.81,47.12,24.24,18,17
17.031,7/11/2017,2,2,155,66.44,101,104.05,,,28.37,47.94,24.91,,18
17.0311,7/11/2017,2,2,170,64.54,100.15,103.59,47.31,,27.68,47.51,24.93,17,18
17.0312,7/11/2017,2,2,177,65,99.74,103.45,47.56,,27.37,47.65,25,18,18
17.0313,7/11/2017,2,2,172,64.84,100.32,103.04,47.32,,28.06,46.07,24.42,18,17
17.0314,7/20/2017,2,1,66,47.56,73.6,76.57,34.02,,17.78,29.27,14.99,6,4
17.0315,7/20/2017,2,2,95,55.02,84.02,86.84,38.1,,21.62,37.58,19.81,9,9
17.0316,7/20/2017,2,2,111,56.15,85.87,88.79,39.43,,22.56,38.47,21.6,11,11
17.0317,7/20/2017,2,1,59,45.39,72.01,74.33,32.98,,16.45,33.01,16.89,5,5
17.0318,7/20/2017,2,1,40,40.49,61.63,64.1,28.18,,13.87,28.01,14.57,4,4
17.0319,7/20/2017,1,2,604,101.17,159.74,165.85,,,,88.35,52.39,,125
17.032,7/20/2017,1,1,376,78.86,128.17,132.35,72.74,42.26,,70.94,41.34,63,62
17.0321,7/20/2017,1,4,369,78.74,130.98,134.49,67.57,37.68,,74.86,43.1,52,71
17.0322,7/20/2017,1,3,436,83.78,134.73,141.72,77.26,41.95,,77.61,42.55,73,77
17.0323,7/20/2017,1,2,575,93.73,151.9,157.09,85.49,46.11,,85.7,46.91,96,100
17.0324,7/20/2017,1,2,122,56.56,88.32,92.67,48.29,26.34,,48.07,26.26,17,17
17.0325,7/20/2017,1,3,65,49.17,75.13,78.72,,,,34.25,20.2,,9
17.0326,7/20/2017,1,4,110,52.39,85.43,86.92,43.06,25.23,,42.43,24.99,17,17
17.0327,7/20/2017,1,1,81,52.7,82.33,85.91,40.62,21.51,,,,12,
17.0328,7/20/2017,1,4,85,53.64,87.28,90.37,38.81,18.84,,,,9,
17.0329,7/20/2017,1,3,70,50.99,81.71,84.66,37.61,20.01,,,,10,
17.033,7/20/2017,1,4,109,55.34,88.2,91.37,42.65,22.51,,42.87,23.58,14,15
17.0331,7/20/2017,1,1,69,50.14,79.03,82.27,,,,41.84,22.88,,12
17.0332,7/20/2017,2,2,189,65.12,103.15,105.8,46.2,,24.9,44.9,24.49,18,17
17.0333,7/20/2017,2,2,140,61.67,96.31,98.81,42.92,,25.5,42.96,23.64,14,14
17.0334,7/20/2017,2,2,181,66,101.23,104.35,47.59,,28.51,46.91,25.87,19,18
17.0335,7/20/2017,2,2,99,55.14,84.29,88.21,37.71,,21.55,37.51,20.19,10,9
17.0336,7/20/2017,2,4,177,66.18,102.15,105.87,45.95,,26.67,44.92,25.12,18,18
17.0337,7/20/2017,2,1,102,55.3,84.25,87.31,38.02,,21.22,39.35,21.29,9,10
17.0338,7/20/2017,2,2,136,60.45,94.72,97.12,41.8,,23.29,41.3,22.65,13,13
17.0339,7/20/2017,2,2,198,67.43,106.8,110.5,49.6,,28.09,49.22,25.66,19,19
17.034,7/20/2017,2,2,96,54.39,83.46,86.1,37.32,,21.33,36.13,19.44,9,9
17.0341,7/20/2017,2,1,77,48.62,75.54,77.68,34.77,,18.19,34.26,17.55,7,6
17.0342,7/20/2017,2,1,92,53.28,81.73,84.97,37.67,,20.49,37.84,19.48,9,8
17.0343,7/20/2017,2,2,83,51.19,79.38,81.68,35.78,,20.72,35.77,18.33,7,7
17.0344,7/20/2017,2,2,69,47.96,73.27,74.82,31.96,,17.95,34.11,17.38,5,6
17.0345,7/20/2017,2,2,53,44.14,67.08,68.73,29.23,,15.1,28.96,15.92,4,4
17.0346,7/20/2017,1,2,30,40.94,62.33,64.87,30.05,15.31,,,,4,
17.0347,7/20/2017,2,1,48,45.62,71.49,73.57,30.4,,16.96,32.18,16.51,3,4
17.0348,7/20/2017,2,1,37,43.88,68.32,71.37,,,14.03,31.61,17.16,,4
17.0349,7/20/2017,2,1,28,37.51,57.8,60.15,26.98,,11.77,,13.62,3,3
17.035,7/21/2017,1,4,126,56.22,88.66,91.91,48.13,27.37,,47.58,27.45,20,20
17.0351,7/21/2017,1,1,90,53.19,82.95,86.47,,,,42.97,24.52,,15
17.0352,7/21/2017,1,3,104,54.39,87.78,91.49,42.62,22.91,,42.67,23.29,13,13
17.0353,7/21/2017,1,1,93,50.61,80.07,82.52,40.87,22.28,,40.98,22.28,12,12
17.0354,7/21/2017,1,1,121,56.04,86.53,90.43,46.46,25.82,,44.88,26.06,19,17
17.0355,7/21/2017,1,1,74,47.4,74.63,77.7,37.98,20.58,,36.37,18.42,9,8
17.0356,7/21/2017,1,4,117,56.98,88.11,91.33,44,24.72,,25.4,11.65,18,4
17.0357,7/21/2017,1,4,82,50.63,79.21,82.07,,,,40.69,22.21,,12
17.0358,7/21/2017,1,4,103,55.37,87.9,90.68,,,,45.53,24.95,,17
17.0359,7/21/2017,1,3,116,54.29,88.08,91.29,46.37,25.84,,46.39,25.96,17,17
17.036,7/21/2017,1,1,107,52.81,84.08,87.24,46.33,25,,44.67,22.28,16,14
17.0361,7/21/2017,1,1,22,32.91,51.17,53.07,24.29,12.04,,23.68,11.92,2,2
17.0362,7/21/2017,1,1,32,37.89,59.22,61.15,28.05,14.49,,27.65,14.51,3,3
17.0363,7/21/2017,1,1,18,30.27,46.75,48.7,20.64,10.79,,19.76,10.67,2,2
17.0364,7/21/2017,1,1,44,40.49,64.34,67.17,29.26,15.6,,28.45,15.76,4,4
17.0365,7/21/2017,1,1,36,35.61,55.48,57,25.6,13.09,,25.37,13.43,3,3
17.0366,7/21/2017,1,3,29,35.48,54.88,56.32,25.19,13.07,,24.96,12.92,3,3
17.0367,7/21/2017,1,1,26,34.99,55.17,57.15,26.31,13.28,,25.75,13.25,3,3
17.0368,7/21/2017,1,1,13,27.3,42.97,44.57,19.14,9.69,,19.17,9.78,1,1
17.0369,7/21/2017,2,1,29,35.9,55.35,57.34,24.67,,11.11,25.4,12.72,2,3
17.037,7/21/2017,2,2,47,42.36,64.49,67.33,29.55,,14.01,29.31,15.31,4,4
17.0371,7/21/2017,2,1,50,42.05,64.45,66.78,31.04,,15.31,30.79,15.59,4,5
17.0372,7/21/2017,2,1,28,36.66,57.48,60.13,25.92,,11.08,26.69,13.3,3,3
17.0373,7/21/2017,2,1,26,34.28,53.44,55.15,25.35,,9.67,24.99,12.9,3,3
17.0374,7/21/2017,2,3,15,31.64,48.59,50.12,21.28,,8.98,21.48,10.75,2,2
17.0375,7/21/2017,2,1,14,28.86,45.05,47.22,20.13,,7.61,19.85,10.41,1,1
17.0376,7/21/2017,2,1,17,29.93,46.42,47.93,20.43,,8.25,20.09,10.85,2,2
17.0377,7/21/2017,2,1,35,37.76,58.2,60.62,27.44,,12,25.55,13.17,3,3
17.0378,7/21/2017,2,1,66,46.75,71.51,74.75,32.39,,17.01,31.9,16.59,6,6
17.0379,7/21/2017,2,1,37,38.39,59.46,61.17,28.09,,13.01,27.75,13.71,3,3
17.038,7/21/2017,2,2,43,39.47,60.72,62.8,28.83,,11.08,27.91,14.79,4,4
17.0381,7/21/2017,2,1,35,37.8,58.72,61.45,27.12,,11.61,27.26,13.82,3,3
17.0382,7/21/2017,2,1,39,38.9,61.41,62.91,28.27,,13.2,28.32,14.21,3,3
17.0383,7/21/2017,2,1,35,38.93,60.37,62.08,26.71,,11.82,26.83,13.72,3,3
17.0384,7/21/2017,2,2,41,39.61,60.9,63.38,28.19,,12.31,27.95,14.85,4,4
17.0385,7/21/2017,2,1,36,38.74,59.67,62.51,26.99,,11.79,26.67,14.22,3,3
17.0386,7/21/2017,2,1,25,34.82,53.49,55.52,25.53,,10.38,25.63,13.14,2,2
17.0387,7/21/2017,2,2,27,34.52,53.76,55.29,23.84,,11,24.37,12.52,2,2
17.0388,7/21/2017,2,1,18,32.01,48.46,49.92,22.49,,8.67,21.75,11.11,2,2
17.0389,8/8/2017,2,3,147,63.08,97.27,100.9,45.04,,26.43,44.23,23.32,15,15
17.039,8/8/2017,2,2,184,67.58,106.1,109.68,48.17,,29.01,46.85,26.5,19,19
17.0391,8/8/2017,2,2,155,64.1,98.49,101.38,42.5,,26.9,43.02,24.06,14,15
17.0392,8/8/2017,2,2,180,67.19,102.97,106.73,44.89,,28.22,44.08,24.69,17,17
17.0393,8/8/2017,2,4,134,61.47,93.76,96.66,39.85,,25.25,39.74,21.99,13,13
17.0394,8/8/2017,2,1,185,66.93,103.99,108.04,47.87,,28.15,45.93,26.06,18,19
17.0395,8/8/2017,2,4,134,60.76,94.75,97.38,42.72,,24.74,42.39,23.04,14,15
17.0396,8/8/2017,2,2,126,60.79,93.03,96.24,41.22,,25.49,42.51,22.09,12,13
17.0397,8/8/2017,2,1,133,59.93,90.91,94.58,43.34,,24.55,42.97,22.76,13,13
17.0398,8/8/2017,2,4,146,61.7,95.61,99.48,44.6,,24.77,44.14,23.72,15,14
17.0399,8/8/2017,2,1,209,71.39,109.81,112.65,51.88,,29.71,52.37,27.14,21,21
17.04,8/8/2017,2,2,177,66.51,104.4,107.81,47.77,,29.09,47.93,25.7,17,18
17.0401,8/9/2017,2,4,194,67.57,103.44,106.9,46.47,,29.02,44.64,26.11,19,19
17.0402,8/9/2017,2,1,153,64.25,98.32,101.87,45.17,,26.27,45.28,24.23,16,16
17.0403,8/9/2017,2,4,191,67.8,104.64,107.69,46.44,,29.32,47.21,25.22,19,19
17.0404,8/9/2017,2,3,166,65.18,101.17,104.73,43.82,,27.38,43.85,24.36,15,16
17.0405,8/9/2017,2,3,153,61.32,94.67,97.17,44.06,,25.72,43.9,22.99,14,14
17.0406,8/9/2017,2,2,134,60.41,94.82,98.07,40.36,,24.37,39.93,22.52,12,12
17.0407,8/9/2017,2,3,201,68.84,106.35,110.34,47.7,,29.39,50.42,27.87,17,21
17.0408,8/9/2017,2,2,165,66.8,102.65,107.01,46.99,,27.85,46.52,24.82,17,17
17.0409,8/9/2017,2,3,174,64.93,99.06,102.35,45.97,,26.2,44.58,23.4,17,17
17.041,8/9/2017,2,3,168,63.9,99.87,103.22,42.57,,27.17,45.33,24.34,14,16
17.0411,8/9/2017,2,3,197,65.87,104.51,108.17,47.12,,28.08,46.54,25.13,18,18
17.0412,8/9/2017,2,4,143,60.3,93.08,94.89,40.86,,25.04,40.65,21.89,13,13
17.0413,8/9/2017,2,4,187,67.75,105.34,108.04,47.23,,28.33,47.08,26.54,19,19
17.0414,8/9/2017,2,4,172,68.01,103.43,105.93,,,26.38,45.57,24.48,,18
17.0415,8/9/2017,2,4,156,62.41,98.3,102.23,43.08,,24.93,42.82,24.36,14,15
17.0416,8/9/2017,2,4,170,63.51,97.08,99.78,45.9,,25.32,45.61,24.58,17,18
17.0417,8/9/2017,2,2,154,61.31,95.13,98.2,45.4,,25.82,44.81,23.65,14,15
17.0418,8/9/2017,2,3,126,60.1,93.51,95.82,40.38,,25.13,40.15,22.53,12,13
17.0419,8/9/2017,2,2,161,62.54,96.17,99.6,43.59,,25.9,43.87,22.68,14,15
17.042,8/9/2017,2,3,147,61.41,95.45,98.17,43.05,,25.16,42.18,22.67,14,14
17.0421,8/9/2017,2,2,164,63.62,99.45,102.54,42.19,,27.63,41.57,23.87,14,15
17.0422,8/9/2017,2,2,156,61.47,96.43,100.4,45.1,,25.9,43.94,23.42,15,15
17.0423,8/9/2017,2,3,170,64.45,100.59,102.59,45.35,,27.94,45.6,24.75,17,17
17.0424,8/9/2017,2,4,167,64.59,96.75,100.02,42.97,,25.56,43.22,23.98,16,16
17.0425,8/9/2017,2,3,179,65.02,102.09,105.72,45.99,,28.57,44.78,24.46,16,16
17.0426,8/15/2017,2,3,120,56.28,87.91,90.69,38.9,,22.52,39.26,21.62,11,11
17.0427,8/15/2017,2,3,112,58.5,89.2,92.4,39.92,,22.73,,21.82,12,
17.0428,8/15/2017,2,4,101,55,83.98,86.36,39.93,,22.62,38.73,20.74,10,10
17.0429,8/15/2017,2,1,79,49.91,77.94,80.26,34.84,,17.94,22.93,9.94,8,2
17.043,8/15/2017,2,2,110,56.85,87.86,90.56,39.73,,22.96,38.86,20.62,10,10
17.0431,8/15/2017,2,2,90,53.52,81.63,84.24,37.21,,20.34,36.73,19.88,8,8
17.0432,8/15/2017,2,3,84,51.35,81.43,83.31,34.36,,18.91,34.95,19.03,8,8
17.0433,8/15/2017,2,2,102,54.68,85.97,88.56,38.29,,21.1,38.69,20,10,9
17.0434,8/15/2017,2,2,75,50.78,78.15,80.83,33.77,,19.89,33.05,17.64,6,7
17.0435,8/15/2017,2,2,98,54.82,84.86,87.85,37.07,,21.79,36.68,20.04,9,9
17.0436,8/15/2017,2,2,116,57.34,88.48,91.14,40.51,,23.52,39.66,20.43,11,10
17.0437,8/15/2017,2,3,122,58.89,89.4,91.34,27.11,,23.06,39.13,21.67,3,12
17.0438,8/15/2017,2,2,88,52.27,81.18,83.55,36.32,,18.86,36.08,19.56,8,8
17.0439,8/15/2017,2,2,93,54.12,84.81,87.13,35.91,,20.64,36.35,20.95,8,9
17.044,8/15/2017,2,4,73,51.65,78.62,81,32.53,,20.41,,18.28,7,7
17.0441,8/15/2017,2,3,72,48.18,75.22,77.53,32.39,,17.91,32.88,17.4,6,6
17.0442,8/15/2017,2,2,82,51.13,76.76,79.24,34.61,,19.43,33.65,19.14,7,7
17.0443,8/15/2017,2,1,70,48.21,74.19,75.39,29.52,,17.87,34.06,18.43,4,7
17.0444,8/15/2017,2,2,74,50.03,78.19,80.48,34.42,,17.68,18.97,9.44,7,1
17.0445,8/15/2017,2,1,59,46.64,73.27,75.33,,,17.43,32.18,17.69,,6
17.0446,8/15/2017,2,1,45,41.98,65.4,68.28,30.39,,13.79,26.96,13.74,4,3
17.0447,8/15/2017,2,3,51,43.24,66.88,69.51,,,14.55,30.23,16.53,5,5
17.0448,8/15/2017,2,1,36,39.17,59.28,60.57,28.21,,12.47,27.96,14.41,3,3
17.0449,8/15/2017,2,1,41,39.28,60.53,63.3,27.56,,12.7,27.72,15.06,3,3
17.045,8/15/2017,2,2,48,43.85,66.64,68.67,29.56,,16.44,,15.08,4,
17.0451,8/15/2017,2,1,114,59.95,92.05,94.96,42.92,,24.96,42.61,21.55,10,10
17.0452,8/15/2017,2,1,85,59.7,91.12,93.89,,,22.41,,,,
17.0453,8/15/2017,2,1,80,53.54,82.71,86.15,40.45,,20.55,40.2,20.75,8,8
17.0454,8/15/2017,2,1,54,47.27,72.17,73.69,,,17.62,,16.31,5,
17.0455,8/15/2017,1,4,539,88.91,141.51,143.94,80.39,45.47,,80.63,45.24,89,89
17.0456,8/15/2017,1,3,390,80.37,129.73,133.88,71.67,38.86,,68.93,38.34,61,61
17.0457,8/15/2017,1,4,457,88.51,144.86,150.91,80.63,44.94,,,,87,
17.0458,8/15/2017,1,4,375,83.01,136.2,141.33,59.03,31.08,,77.2,44.57,39,77
17.0459,8/15/2017,1,1,1.0356,13.02,19.14,19.4,8.75,4.33,,8.69,4.57,0.1166,0.1142
17.046,8/15/2017,1,4,87,49.5,79.26,80.65,41.53,21.98,,39.89,21.24,12,10
17.0461,8/15/2017,1,1,37,38.15,57.46,60.37,26.68,14.43,,26.58,14.66,3,3
17.0462,8/15/2017,1,1,53,43.9,67.4,70.54,31.81,16.14,,29.98,15.4,5,5
17.0463,8/15/2017,1,2,45,40.31,63.72,66.13,29.55,15.48,,29.08,15.47,4,4
17.0464,8/15/2017,1,2,54,43.12,69.73,71.83,32.1,17.03,,31.7,16.94,5,5
17.0465,8/15/2017,1,1,69,47.36,74.34,77.44,28.55,14.76,,36.04,19.12,4,7
17.0466,8/15/2017,1,1,51,42.23,65.73,68.73,31.95,16.37,,31.89,16.63,5,5
17.0467,8/15/2017,1,2,43,40.87,63.99,66.13,31.57,15.64,,,,4,
17.0468,8/15/2017,1,1,55,44.74,69.07,71.76,30.57,15.2,,32.18,17.49,5,6
17.0469,8/15/2017,1,1,37,40.55,63.72,66.37,30.83,15.64,,31.12,15.41,3,3
17.047,8/15/2017,1,1,127,62.68,99.73,104.16,,,,53.26,29.28,,18
17.0471,8/15/2017,1,1,81,53.14,83.61,87.46,42.22,21.86,,,,10,
17.0472,8/15/2017,1,1,59,43.14,68.2,70.56,32.88,17.51,,32.59,17.68,6,6
17.0473,8/15/2017,1,1,50,41.54,63.92,66.66,27.31,14.28,,30.77,16.75,4,5
17.0474,8/15/2017,1,2,68,45.25,70.11,73.28,34.13,17.6,,33.51,18.02,7,7
17.0475,8/15/2017,1,1,41,39.05,59.75,60.57,27.45,14.59,,26.59,14.53,4,4
17.0476,8/15/2017,1,1,45,40.46,62.77,65.25,26.43,13.33,,29.31,15.37,3,5
17.0477,8/15/2017,1,2,31,36.99,56.77,59.26,24.02,11.79,,25.73,13.74,2,3
17.0478,8/15/2017,1,1,50,41.75,64.6,67.47,30.38,16.96,,30.29,16.63,5,5
17.0479,8/15/2017,1,1,29,34.44,54.56,57.11,24.7,12.89,,24.24,13.07,3,3
17.048,8/15/2017,1,1,56,42.82,66.66,70.12,33,17.33,,32.5,17.14,6,6
17.0481,8/15/2017,1,1,48,41.72,65.42,68.52,29.74,15.65,,28.41,15.83,4,5
17.0482,8/15/2017,1,2,56,42.7,66.5,69.3,32.02,16.33,,31.03,16.71,5,6
17.0483,8/15/2017,1,2,62,44.53,70,73.26,32.73,17.08,,31.99,16.86,6,6
17.0484,8/15/2017,1,2,43,39.94,62.71,65.43,29.5,15.56,,28.96,15.58,4,4
17.0485,9/17/2017,1,2,148,60.92,95.7,98.56,47.66,25.35,,48.01,25.31,18,19
17.0486,9/17/2017,1,2,121,56.3,89.82,93.08,45.4,25.58,,44.93,25.41,17,17
17.0487,9/17/2017,2,2,150,61.76,95.65,97.46,43.8,,22.96,44.19,23.95,14,14
17.0488,9/17/2017,2,2,120,58.3,88.73,92.32,40.34,,23.44,39.49,21.75,11,12
17.0489,9/17/2017,2,3,128,60.03,92.91,95.58,40.69,,25.29,40.06,23,13,13
17.049,9/17/2017,2,1,119,60.65,95.13,97.59,43.33,,24.92,44.93,23.03,11,12
17.0491,9/17/2017,2,1,142,62.16,96.4,99.89,47.5,,26.25,47.8,24.83,14,14
17.0492,9/17/2017,2,1,141,62.57,95.51,98.99,44.65,,26.43,44.84,23.64,13,12
17.0493,9/17/2017,2,2,174,64.15,100.81,102.85,42.8,,29.07,44.3,24.47,16,17
17.0494,9/17/2017,2,2,109,55.76,87.07,90.64,39.16,,22.06,38.62,20.6,11,10
17.0495,9/17/2017,2,4,132,60.42,93.69,95.83,41.33,,23.94,33.23,17.2,14,7
17.0496,9/17/2017,2,2,103,55.36,84.93,88.6,36.01,,22.25,36.11,19.23,9,9
17.0497,9/17/2017,2,1,121,60.58,92.12,94.44,44.18,,24.93,44.4,23.27,12,11
17.0498,9/17/2017,2,1,102,56.41,87.14,90.93,40.26,,23.39,40.04,20.33,9,9
17.0499,9/17/2017,2,1,117,58.77,90.78,93.41,43.07,,24.32,42.11,21.9,10,11
17.05,9/17/2017,2,1,33,38.53,59.28,62.04,27.62,,13.18,27.53,14.45,3,3
17.0501,9/17/2017,2,1,23,32.58,49.17,50.88,22.6,,9.48,21.47,10.91,2,2
17.0502,9/17/2017,2,1,34,38.18,58.59,61.5,26.93,,12.55,26.8,13.62,3,3
17.0503,9/17/2017,2,1,32,36.42,57.42,59.43,27.04,,10.88,26.97,13.95,3,3
17.0504,9/17/2017,1,1,29,34.92,54.5,57.44,24.69,12.83,,24.6,13.02,3,3
17.0505,9/17/2017,1,1,26,35.93,54.84,57.02,25.89,13.19,,24.5,12.31,3,2
17.0506,9/17/2017,1,1,36,38.65,59.79,62.24,28.15,14.69,,27.24,14.7,3,3
17.0507,9/17/2017,1,1,48,43.23,68.24,70.79,32.48,16.87,,,,6,
17.0508,9/17/2017,1,1,50,42.66,64.86,68.16,32.5,16.1,,32.35,16.58,5,5
17.0509,9/27/2017,1,2,401,81.25,134.68,139.53,74.06,41.44,,71.76,40.67,68,65
17.051,9/27/2017,1,1,5.5,20.34,31.09,32.01,13.75,7.23,,13.8,7.25,0.5,0.5
17.0511,9/27/2017,1,1,84,51.6,79.92,81.6,39.14,20.95,,37.05,20.24,10,9
17.0512,9/27/2017,1,1,57,44.43,68.73,72.22,34.33,17.96,,34.23,16.65,6,6
17.0513,9/27/2017,1,1,58,45.92,73.96,77.7,33.88,17.74,,34.36,17.87,7,7
17.0514,9/27/2017,2,2,204,69.67,108.75,112.85,49.19,,29.38,50.21,27.42,23,23
17.0515,9/27/2017,2,3,209,69.72,108.54,112.86,48.84,,28.11,48.13,26.56,21,21
17.0516,9/27/2017,2,4,176,65.24,100.45,103.91,44.93,,23.96,45.89,24.79,17,18
17.0517,9/27/2017,2,4,225,72.69,112.9,116.24,50.39,,31.49,50.04,27.59,23,24
17.0518,9/27/2017,2,3,211,69.18,107.59,110.22,48.78,,29.51,47.98,27.65,22,22
17.0519,9/27/2017,2,2,175,66.56,100.8,103.86,46.36,,28.5,45.47,25.37,16,17
17.052,9/27/2017,2,4,162,63.35,98.94,101.84,45.74,,25.6,44.13,25.17,17,17
17.0521,9/27/2017,2,4,180,65.58,104.93,107.76,47.74,,26.49,46.23,26.18,19,19
17.0522,9/27/2017,2,4,179,66.99,103.76,106.79,46.61,,28.26,45.96,25.85,18,18
17.0523,9/27/2017,2,3,175,64.98,100.99,104.14,43.64,,27.03,40.52,21.8,16,13
17.0524,9/27/2017,2,4,196,68.72,107.6,110.84,46.68,,29.63,46.23,26.62,20,20
17.0525,9/27/2017,2,4,155,62.34,97.01,99.85,42.84,,26.48,41.67,23.81,14,15
17.0526,9/27/2017,2,2,204,69.1,105.46,108.58,47.93,,29.14,48.6,26.21,19,20
17.0527,9/27/2017,2,4,185,67.53,102.12,105.53,44.15,,28.09,43.84,24.85,18,17
17.0528,9/27/2017,2,2,166,63.34,97.54,100.65,46.19,,23.68,44.69,25.3,20,17
17.0529,9/27/2017,2,2,151,63.55,98.01,101.17,45.16,,24.92,44.84,25.65,15,16
17.053,9/27/2017,2,2,233,72.17,110.45,111.72,51.57,,33.39,51.97,28.05,24,23
17.0531,9/27/2017,2,2,144,60.65,95.27,98.41,44.45,,27.32,44.44,23.07,13,14
17.0532,9/27/2017,2,2,140,61.2,96.4,99.68,43.06,,24.83,43.1,22.98,14,14
17.0533,9/27/2017,2,4,163,64.1,98.3,100.98,41.57,,27.69,42.42,24.08,15,15
17.0534,9/27/2017,2,3,188,66.65,104.29,108.25,42.05,,27.95,46.26,25.61,14,19
17.0535,9/27/2017,2,3,140,62.35,95.79,99.51,43.55,,26.07,43.3,23.76,13,13
17.0536,9/27/2017,2,2,144,63.3,98.14,100.35,43.53,,25.21,32.69,23.86,14,7
17.0537,9/27/2017,2,2,165,63.14,98.29,100.77,44.18,,27.01,44.69,24.26,16,16
17.0538,9/27/2017,2,2,142,61.46,95.68,98.65,43.7,,24.07,43.07,23.37,14,14
17.0539,9/27/2017,2,3,152,62.25,93.67,97.89,44.22,,23.6,43.52,24.1,15,16
17.054,9/27/2017,2,2,153,62.15,95.17,98.65,40.47,,25.7,44.58,23.57,14,15
17.0541,9/27/2017,2,3,115,57.44,88.16,90.48,36.92,,22.8,36.34,20.67,10,10
17.0542,9/27/2017,2,2,112,57.78,90.21,92.84,39.37,,21.96,30.32,22.39,12,6
17.0543,9/27/2017,2,3,153,62.17,95.14,98.36,42.36,,25.61,41.82,23.19,14,14
17.0544,9/27/2017,2,3,133,60.61,94.13,97.48,41.21,,26.06,38.75,22.38,12,10
17.0545,9/27/2017,2,1,92,53.18,81.4,83.98,36.11,,20.71,37.61,19.7,8,9
17.0546,9/27/2017,2,1,154,65.52,100.78,104.36,49.47,,28.25,49.36,25.92,16,17
17.0547,9/27/2017,2,1,168,66.12,102.83,105.77,47.59,,28.38,47.03,25.41,16,16
17.0548,9/27/2017,2,1,181,70.15,108.44,111.05,49.95,,30.52,47.88,25.07,19,17
17.0549,9/27/2017,2,1,130,61.33,95.03,98.3,43.21,,24.66,42.02,22.39,13,12
17.055,5/13/2017,2,2,216,77.53,120.18,123.33,58.4,,,,,30,
17.0551,5/13/2017,2,4,244,71.49,109.95,112.9,48.37,,30.05,47.85,27.42,22,21
17.0553,5/11/2017,1,3,504,88.03,140.43,146.46,78.28,45.16,,78.48,45.1,86,85
17.0554,5/11/2017,1,2,632,91.53,151.59,157.67,85.44,48.12,,82.73,48.08,100,100
17.0555,5/13/2017,1,2,578,92.41,149.17,156.39,84.29,47.23,,84.13,47.65,95,95
17.0556,5/13/2017,1,2,439,83.91,135.92,141.26,78.77,43.87,,71.55,38.61,77,62
17.0562,5/13/2017,1,2,411,82.71,138.67,143.76,78.81,42.51,,76.96,40.95,72,72
17.0563,6/1/2017,1,4,332,78.33,129.16,133.69,67.9,37.9,,,,55,
17.0566,5/13/2017,1,2,512,84.99,140.44,146.74,83.43,45.32,,83.05,45.21,87,85
17.0567,5/13/2017,1,2,439,80.83,135.16,140.51,68.38,35.69,,76.93,41.52,56,75
17.0568,5/12/2017,1,2,496,86.57,134.3,140.66,67.22,36.18,,79.86,44.25,55,79
17.0569,5/13/2017,1,3,263,70.43,116.27,121.35,62.87,36.32,,62.56,35.77,43,41
17.057,5/12/2017,1,1,452,84.58,135.07,139.83,72.54,40.55,,73.19,40.87,62,64
17.0571,5/12/2017,1,2,317,75.7,122.22,127.47,64.96,36.68,,64.69,36.99,46,44
17.0572,5/13/2017,1,2,121,55.94,90.6,94.73,43.83,23.67,,43.56,24,14,14
17.0578,5/11/2017,1,2,401,85.34,136.3,140.69,81.94,45.98,,,,83,
17.0579,5/11/2017,2,1,99,57.96,90.66,93.72,42.14,,23.07,41.27,21.55,8,9
17.058,5/11/2017,2,1,103,54.51,84.34,87.28,38.76,,21.25,39.39,20.7,9,10
17.0581,5/11/2017,1,1,4.1841,19.47,29.18,30.77,13.6,6.74,,13.31,6.96,0.4164,0.4075
17.0582,5/11/2017,1,1,3.0849,17.22,25.36,26.5,12.08,6.16,,11.64,6.22,0.2826,0.2905
17.0583,5/15/2017,1,2,570,91.92,147.81,153.12,85.12,48.44,,80.16,43.5,98,87
17.0584,5/13/2017,1,1,242,68.55,108.69,114.13,55.61,32.3,,57.73,32.8,33,35
17.0585,5/9/2017,1,4,471,86.15,141.95,145.95,78.68,45.08,,78.16,44.63,80,79
17.0586,5/13/2017,1,1,531,87.53,143.39,148.32,84.18,47.23,,82.54,47.22,91,94
17.0588,5/13/2017,1,2,215,67.56,108.01,112.31,55.01,30.82,,53.21,30.66,28,28
17.0589,5/11/2017,2,1,45,42.42,66.73,69.42,30.14,,15.14,29.86,15.76,4,4
17.059,5/15/2017,1,4,276,71.07,112.08,116.79,60.56,35.73,,,35.21,42,40
17.0591,5/12/2017,1,2,81,50.02,79.19,81.48,37.4,20.14,,37.88,20.9,9,9
17.0593,5/11/2017,1,1,533,87.67,142.32,148.69,82.07,46.04,,80.97,46.05,80,80
17.0594,5/11/2017,2,1,112,59.3,91.36,93.98,42.69,,24.76,42.17,21.82,9,10
17.0595,5/12/2017,1,1,485,83.08,135.27,140.24,78.17,45.08,,77.69,45.69,79,79
17.0596,5/13/2017,2,1,65,46.3,73.37,76.02,33.8,,17.3,34.43,18.34,7,7
17.0597,5/13/2017,1,1,370,77.78,124.21,131.25,68.55,40.1,,67.86,39.83,57,57
17.0599,5/12/2017,1,2,374,76.63,123.35,128.1,72.09,42.22,,71.6,42.36,64,64
17.0602,5/12/2017,2,3,182,66.2,106.38,108.76,48.28,,27.6,48.02,24.8,17,17
17.0603,5/13/2017,1,2,381,78.44,126.77,131.31,72.09,40.88,,72.36,41.42,62,63
17.0604,5/11/2017,1,2,336,81.54,130.65,137.16,72.57,40.96,,,,64,
17.0605,5/12/2017,1,3,244,67.01,109.29,113.27,57.81,32.77,,58.39,32.98,33,35
17.0606,5/13/2017,1,2,213,66.09,105.82,109.62,51.76,28.97,,56.58,32.11,25,30
17.0607,5/12/2017,1,2,410,84.28,134.58,140.98,62.62,30.16,,75.72,42.31,39,72
17.0608,5/12/2017,1,2,348,79.67,130.53,134.34,45.62,23.99,,73.14,39.84,18,55
17.0609,5/13/2017,1,2,517,87.03,138.99,145.88,79.84,46.93,,79.5,46.65,89,88
17.061,5/13/2017,1,2,170,62.68,102.04,107.45,45.56,22.27,,54.81,30.07,16,27
17.0611,5/13/2017,2,1,102,59,94.37,97.19,42.94,,24.55,42.63,22.13,10,10
17.0612,5/13/2017,2,1,97,62.13,96.84,99.34,43.55,,25.04,44.59,23.31,10,11
17.0613,5/13/2017,1,2,60,44.95,73.39,75.83,33.46,17.61,,33.92,17.54,6,6
17.0614,5/13/2017,2,2,80,51.54,81.96,85.34,37.17,,19.03,37.16,19.1,8,8
17.0615,5/13/2017,2,2,29,36.25,57.34,59.14,25.15,,10.57,24.6,12.63,3,3
17.0616,5/11/2017,1,1,,14.45,21.02,21.74,9.86,5,,9.73,4.99,,
17.0617,5/11/2017,2,2,17,29.71,45.77,47.4,20.52,,8.14,20.42,10.33,1,1
17.0618,5/11/2017,1,1,,16.4,23.89,24.68,11.46,5.63,,11.28,5.58,,
17.0619,5/11/2017,2,1,,18.79,27.86,29.02,13.49,,4.07,12.51,6.35,,
17.062,5/11/2017,2,1,,17.54,25.22,26.28,11.54,,3.45,11.7,5.71,,
17.0621,5/11/2017,2,1,,18.1,27.07,28.44,12.85,,3.83,12.56,6.26,,
17.0622,5/11/2017,1,1,,16.49,24.84,26.25,12.59,6.12,,11.85,5.9,,
17.0623,5/11/2017,2,1,,17.23,25.84,27.1,11.73,,3.9,7.99,6,,
